GeräteName;GeräteID;Kostenstelle;Raum/Baustelle;KW;Ablesedatum;Wochentag;Monat;Jahr;Verbrach [Wh];Verbrauch [kWh];01:00;02:00;03:00;04:00;05:00;06:00;07:00;08:00;09:00;10:00;11:00;12:00;13:00;14:00;15:00;16:00;17:00;18:00;19:00;20:00;21:00;22:00;23:00;24:00
;ec64c9c06e99;;;51;19.12.2025;Freitag;Dezember;2025;6558,34;6,56;204,16;198,19;199,81;199,81;199,84;200,18;232,75;288,08;364,78;401,06;450,17;468,7;416,43;293,87;295,7;292,2;278,6;280,94;248,22;209,45;209,3;208,5;209;208,6
;ec64c9c06e99;;;51;18.12.2025;Donnerstag;Dezember;2025;6911,86;6,91;195,71;194,07;195,63;199,87;201,59;201,49;260,89;287,62;425,8;528,17;524,53;407,79;396,48;415,77;376,7;375,84;303,37;203,12;202,2;201,2;201,01;203,78;204,52;204,71
;ec64c9c06e99;;;51;17.12.2025;Mittwoch;Dezember;2025;6775,2;6,78;195,63;194,12;195,87;195,76;195,54;195,9;229,46;241,48;356,03;502,38;489,05;465,6;475,55;382,9;357,04;362,24;314,51;246,04;197,14;196,97;197,47;196,45;196,41;195,66
;ec64c9c06e99;;;51;16.12.2025;Dienstag;Dezember;2025;6700,61;6,7;195,54;194,18;195,9;195,59;195,58;195,87;267,16;293,53;400,54;410,34;422,33;462,78;451,23;423,58;370,77;377,45;271,55;196,98;196,4;196,7;197,6;196,82;196,16;196,03
;ec64c9c06e99;;;51;15.12.2025;Montag;Dezember;2025;6375,57;6,38;195,99;194,14;195,77;196,19;195,64;196,01;259,42;316,15;387,8;441,83;349,94;325,73;324,71;351,57;302,06;420,94;305,47;213,46;196,65;196,84;196,84;196,22;196,31;195,61
;ec64c9c06e99;;;50;14.12.2025;Sonntag;Dezember;2025;4692,98;4,69;195,9;194,18;195,61;196,35;195,66;195,6;195,79;196,2;195,8;195,65;195,71;196,01;195,6;195,59;195,59;195,59;195,28;194,9;195,06;194,84;194,99;195,05;196,22;195,81
;ec64c9c06e99;;;50;13.12.2025;Samstag;Dezember;2025;4693,2;4,69;196,4;194,3;196,1;195,7;195,7;195,2;195,2;195,9;195,4;195,2;195,4;196,4;195,7;195,7;195,6;195,5;195,2;195;195,2;195,1;195,4;195,8;195,8;196,3
;ec64c9c06e99;;;50;12.12.2025;Freitag;Dezember;2025;6021,82;6,02;195,71;194,1;195,68;195,66;196,12;195,77;228,71;243,16;467,47;443,57;380,53;435,62;403,71;271,11;210,41;193,67;195,99;196,12;196,09;196,52;197,7;196,8;196;195,6
;ec64c9c06e99;;;50;11.12.2025;Donnerstag;Dezember;2025;6516,81;6,52;199,24;197,75;199,23;199,64;200,46;199,98;232,78;311,48;387,48;469,01;446,48;458,51;363,28;346,74;321,32;315,96;290,02;202,48;180,7;193,5;196,32;196,44;195,71;195,95
;ec64c9c06e99;;;50;10.12.2025;Mittwoch;Dezember;2025;7249,37;7,25;194,48;193,28;194,44;194,45;194,87;194,96;223,88;292,29;496,87;576,26;438,94;436,9;459,8;431,78;460,7;408,59;389,68;214,02;200,84;200,17;200,01;199,92;199,63;199,79
;ec64c9c06e99;;;50;09.12.2025;Dienstag;Dezember;2025;6611,71;6,61;195,08;193,83;195,09;195,06;195,32;195,87;228,35;294,19;366,72;424,81;407,94;422,19;440,67;391,74;350,18;440,8;304,52;181,21;196,57;195,33;195,71;194,79;194,73;194,6
;ec64c9c06e99;;;50;08.12.2025;Montag;Dezember;2025;7541,22;7,54;194,84;193,6;194,78;194,93;194,97;195,3;230,9;279,1;421,96;578,2;413,58;482,9;476,15;481,67;497,91;557,33;483,49;298,98;196,89;192,8;195,73;195,15;194,87;195,19
;ec64c9c06e99;;;49;07.12.2025;Sonntag;Dezember;2025;4667,42;4,67;194,4;193,37;194,48;194,38;194,44;194,41;194,42;194,43;194,42;194,35;194,91;194,98;194,65;194,4;194,35;194,35;194,38;194,31;194,39;194,49;194,64;194,55;195,23;194,69
;ec64c9c06e99;;;49;06.12.2025;Samstag;Dezember;2025;4664,1;4,66;194,6;193,2;194,9;194,7;194,5;194,4;194,6;194,6;194,4;194,4;194,4;194,9;194,4;194,3;194,3;194,3;194,2;193,8;193,8;193,8;194,2;193,9;194,9;194,6
;ec64c9c06e99;;;49;05.12.2025;Freitag;Dezember;2025;5948,4;5,95;196,83;195,66;196,8;196,8;197,44;197,07;235,05;306,3;425,46;514,14;458,02;435,36;235,5;197,89;197,46;197,38;196,84;195,87;195,61;195,62;196;194,9;195,1;195,3
;ec64c9c06e99;;;49;04.12.2025;Donnerstag;Dezember;2025;7328,5;7,33;205,2;203,92;205,27;205,2;205,75;205,7;233,14;319,56;438,63;501,82;516,71;503,38;453,21;455,75;453,47;403,34;391,2;199,75;197,67;197,6;197,62;197,03;196,87;196,89
;ec64c9c06e99;;;49;03.12.2025;Mittwoch;Dezember;2025;6572,07;6,57;194,03;192,81;194,07;193,9;193,93;194,8;227,89;278,73;347,05;417,76;388,93;416,09;403,8;348,39;378,91;372,95;302,16;223,38;206,53;206,53;206,04;205,48;205,71;205,23
;ec64c9c06e99;;;49;02.12.2025;Dienstag;Dezember;2025;6064,68;6,07;194,53;192,89;194,36;194,42;194,37;195,12;228,64;275,96;314,5;349,88;353,01;335,15;356,75;326,53;341,33;325,92;305,92;218,53;194,87;194,67;195,06;194,22;194,03;194,02
;ec64c9c06e99;;;49;01.12.2025;Montag;Dezember;2025;7088,74;7,09;196,33;195,54;196,27;196,37;196,5;196,63;227,3;295,23;432,47;495,84;485,16;436,19;433,94;397,07;464,96;479,34;356,33;241,8;192,1;194,96;195,15;194,62;194,45;194,19
;ec64c9c06e99;;;48;30.11.2025;Sonntag;November;2025;4707,95;4,71;196,9;195,04;196,2;196,19;196,31;196,76;196,17;196,05;196,15;196,18;196,23;196,43;195,94;195,88;195,94;195,85;195,94;196,04;196,35;196,24;196,4;196,22;196,34;196,2
;ec64c9c06e99;;;48;29.11.2025;Samstag;November;2025;4715,7;4,72;196,8;195,7;196,8;196,8;196,8;197,6;197,1;196,6;196,5;196,6;196,6;196,7;196,8;196,3;196,5;196,1;196,1;197;195,8;195,7;195,9;196,2;196,5;196,2
;ec64c9c06e99;;;48;28.11.2025;Freitag;November;2025;5681,07;5,68;195,86;194,88;195,81;195,84;195,75;196,83;228,98;273,67;348,43;390,02;302,24;331,93;344,38;285,73;197,71;197,05;197,09;197,71;197,1;197,51;197,6;196,9;196,9;196,8
;ec64c9c06e99;;;48;27.11.2025;Donnerstag;November;2025;7424,31;7,42;194,39;193,29;194,45;194,35;194,28;195,22;230,35;276,84;498,13;502,48;516,82;490,04;465,02;460,21;480,48;460,08;378,97;294,11;197,03;195,76;196,23;195,55;195,5;195,79
;ec64c9c06e99;;;48;26.11.2025;Mittwoch;November;2025;7510,33;7,51;194,54;193,66;194,55;194,4;194,53;195,47;229,75;291,91;406,01;457,69;424,21;430,84;526,26;565,31;458,04;550,94;471,18;362,33;194,99;194,81;195,4;194,63;194,43;194,45
;ec64c9c06e99;;;48;25.11.2025;Dienstag;November;2025;6791,76;6,79;194,41;193,72;194,62;194,33;194,47;195,12;228,42;292,15;402,11;507,44;498,75;442,16;353,89;365,58;407,43;353,1;336,68;257,01;204,77;195,12;195,55;194,83;194,99;195,11
;ec64c9c06e99;;;48;24.11.2025;Montag;November;2025;6640,98;6,64;198,82;198,76;199,83;199,96;200,27;197,33;231,03;304,32;377,4;407,73;423,68;444,19;400,18;419,82;416,76;362,26;293,13;196,61;195,32;194,75;195;194,53;194,68;194,62
;ec64c9c06e99;;;47;23.11.2025;Sonntag;November;2025;4674,82;4,67;195;195,28;195,35;195,09;195,02;195,01;195,12;194,89;194,49;194,31;194,45;194,44;194,45;194,88;194,67;194,37;194,27;194,13;194,06;195,03;194,67;194,95;194,72;196,17
;ec64c9c06e99;;;47;22.11.2025;Samstag;November;2025;4676,08;4,68;195,4;193,94;195,71;195,04;195,05;194,92;195,15;195,4;194,21;194,79;194,77;194,46;194,49;194,93;194,87;194,49;194,61;194,25;194,33;195,07;194,94;194,97;195,27;195,02
;ec64c9c06e99;;;47;21.11.2025;Freitag;November;2025;6572,25;6,57;194,64;193,43;195,06;194,55;194,84;194,95;209,34;296,78;473,23;539,28;558,25;528,02;532,02;302,76;194,6;195,24;192,09;194,94;195,31;192,41;195,64;195,16;194,86;194,87
;ec64c9c06e99;;;47;20.11.2025;Donnerstag;November;2025;6240,35;6,24;199,89;198,56;199,64;198,6;194,87;194,84;227,68;265,94;371,88;400,36;428,64;412,2;349,53;346,39;302,79;309,13;269,83;197,3;196,37;195,23;195,55;195,38;194,88;194,87
;ec64c9c06e99;;;47;19.11.2025;Mittwoch;November;2025;7282,85;7,28;200,17;199,09;200,25;200,46;200,23;200,58;245,3;296,14;492,63;469,22;557,73;554,4;464,67;491,45;444,17;396,01;249,85;185,43;201,65;200,17;200,25;199,72;199,8;199,61
;ec64c9c06e99;;;47;18.11.2025;Dienstag;November;2025;6986,11;6,99;201,37;205,72;207,38;206,98;206,83;207,07;249,92;339,12;335,01;586,21;448,06;358,34;333,27;481,34;476,21;388,53;318;204,32;203,74;202,25;202,7;201,63;200,09;200,33
;ec64c9c06e99;;;47;17.11.2025;Montag;November;2025;7451,88;7,45;198,64;197,48;199,19;198,63;198,65;199,03;246,86;336,2;513,89;506,41;555,53;446,63;492,11;561,74;479,71;359,16;343,68;209,31;202,44;201,31;201,65;201,13;201,33;201,17
;ec64c9c06e99;;;46;16.11.2025;Sonntag;November;2025;4768,6;4,77;198,6;197,94;199,02;198,71;198,63;198,6;199,13;198,85;199,09;198,55;198,53;198,54;198,53;198,54;198,55;198,55;198,62;198,48;198,6;198,9;199,37;199;198,62;198,65
;ec64c9c06e99;;;46;15.11.2025;Samstag;November;2025;4774,9;4,78;199,7;198,6;199,8;199,8;199,8;199,5;199,2;199,6;198,9;198,4;198,3;198,8;198,6;198,6;198,9;198,6;198,6;198,6;198,6;199,1;198,9;198,7;198,7;198,6
;ec64c9c06e99;;;46;14.11.2025;Freitag;November;2025;6195,14;6,2;216,9;215,61;206,78;195,76;195,67;196,4;238,09;295,07;382,5;456,57;447,79;434,28;448,46;259,74;200,64;183,83;200,52;200,67;201,09;200,56;201;200,5;200,3;199,7
;ec64c9c06e99;;;46;13.11.2025;Donnerstag;November;2025;7673,23;7,67;202,07;201,52;200,29;197,42;197,37;197,65;243,39;286,99;538,39;620,61;604,6;544,74;413,29;418,76;454,67;467,39;358,59;220,52;218,23;217,68;217,96;217,19;217,04;216,87
;ec64c9c06e99;;;46;12.11.2025;Mittwoch;November;2025;7199,98;7,2;196,86;196,08;197,21;196,79;196,8;197,06;242,16;259,49;430,47;449,94;460,8;474,03;477,28;443,05;508,56;437,14;342,76;277,39;204,33;202,82;202,75;202,38;201,84;201,99
;ec64c9c06e99;;;46;11.11.2025;Dienstag;November;2025;6736,99;6,74;193,9;193,28;193,96;194,02;194,12;194,85;237,54;274,87;502,42;495;423,61;489,04;392,18;368,46;373;354,47;280,31;200,03;196,73;197,22;197,55;196,91;196,76;196,76
;ec64c9c06e99;;;46;10.11.2025;Montag;November;2025;7385;7,38;195,09;194,06;195,18;195,46;195,18;195,89;238,13;279,3;473,95;567,92;548,45;544,12;465,17;501,51;473,38;376,81;359,52;219,71;195,55;194,06;194,64;194,18;193,95;193,79
;ec64c9c06e99;;;45;09.11.2025;Sonntag;November;2025;4683,24;4,68;195,2;194,51;195,35;195,05;195,67;194,95;195,39;195,46;195,35;194,96;194,99;195;194,93;194,94;194,94;195,27;195,58;194,66;194,68;195,23;195,24;194,99;195,84;195,06
;ec64c9c06e99;;;45;08.11.2025;Samstag;November;2025;4861,8;4,86;195;194,2;195;195,3;195,1;195,6;194,7;195,1;195,1;196,8;260,6;261;242;195;195;195;195,4;195,2;195,5;194,9;195,1;195,1;195,1;195
;ec64c9c06e99;;;45;07.11.2025;Freitag;November;2025;6153,87;6,15;195,42;194,13;195,12;195,04;195;195,83;237,93;297,87;411,95;464,75;447,06;454,75;446,68;266,21;194,01;196,6;195,88;196,29;195,76;195,69;196,1;195,3;195,4;195,1
;ec64c9c06e99;;;45;06.11.2025;Donnerstag;November;2025;6655,82;6,66;195,57;194,61;195,62;195,6;195,8;195,9;235,68;323,16;393,66;445,19;450,11;434,83;381,72;329,22;378,92;378,8;336,18;220,25;197,35;182,89;195,76;195,29;195,49;195,16
;ec64c9c06e99;;;45;05.11.2025;Mittwoch;November;2025;8128,49;8,13;196,24;195,17;196,8;196,15;196,2;196,47;237,97;321,13;492,16;590,62;509,96;482,94;526,8;534,8;589,89;535,29;475,48;424,25;210,98;197,36;196,63;196,3;195,49;195,57
;ec64c9c06e99;;;45;04.11.2025;Dienstag;November;2025;7794,96;7,79;196,11;195,08;196,2;196,32;196,65;196,47;240,08;329,41;540,39;551,47;508,67;601,64;515,3;459,81;532,54;428,47;397,74;303,17;203,14;193,7;196,85;196,33;196,27;196,44
;ec64c9c06e99;;;45;03.11.2025;Montag;November;2025;7848,84;7,85;204,46;203,25;205,66;204,28;204,4;201,43;240,33;313,35;433,54;552,65;594,74;616,08;543,88;514,19;498,96;425,32;386,06;292,87;196,94;197,01;196,55;196,23;196,28;196,11
;ec64c9c06e99;;;44;02.11.2025;Sonntag;November;2025;4905,6;4,91;204,8;203,39;204,92;204,62;204,61;204,47;204,53;204,3;204,25;204,31;204,9;204,26;204,17;204,32;204,77;204,2;204;204,48;204,4;204,17;204,08;204,08;204,7;204,87
;ec64c9c06e99;;;44;01.11.2025;Samstag;November;2025;4818,5;4,82;198,6;197,6;198,6;199,2;198,6;199,3;198,6;198,7;198,7;199,2;198,4;198,3;198,1;198,4;199,3;204,3;204;204;204;203,9;204,1;204,4;205,2;205
;ec64c9c06e99;;;44;31.10.2025;Freitag;Oktober;2025;4776,71;4,78;198,53;197,68;198,61;198,85;198,73;199,13;198,89;197,85;201,15;183,81;199,02;199,5;199,13;199,17;199;199,68;198,91;182,08;198,97;198,92;199,7;199;198,6;198,6
;ec64c9c06e99;;;44;30.10.2025;Donnerstag;Oktober;2025;6841,92;6,84;215,78;215,05;208,4;198,41;199,13;198,93;240,81;257,28;371,74;397,49;468,23;476,64;381,63;444,23;444,44;411,24;263,23;253,58;201,02;199,72;199,35;198,58;198,46;198,55
;ec64c9c06e99;;;44;29.10.2025;Mittwoch;Oktober;2025;6828,7;6,83;197,97;197,58;198,06;198,08;198,47;198,79;242,36;280,11;443,64;414,91;339,67;482,5;480,95;381,25;385,41;346,51;319,07;219,01;222,86;216,77;217,07;216,35;215,69;215,62
;ec64c9c06e99;;;44;28.10.2025;Dienstag;Oktober;2025;7809,05;7,81;198,17;197,3;198,66;197,98;198,26;199,15;244,01;326,68;539,95;478,32;437,08;652,83;531,91;509,43;466,28;530,31;403,12;307,82;200,25;198,73;198,65;198,1;198,05;198,01
;ec64c9c06e99;;;44;27.10.2025;Montag;Oktober;2025;8088,74;8,09;196,63;194,87;196,33;196,33;196,15;196,29;264,72;379,26;598,65;636,43;582,31;601,33;474,14;496,98;527,67;515,69;404,19;240,03;198,6;198,61;198,73;198,38;198,3;198,12
;ec64c9c06e99;;;43;26.10.2025;Sonntag;Oktober;2025;4905,13;4,91;196,2;196,9;196,7;196,27;195,92;195,94;195,93;196,59;196,01;196,12;196,16;196,21;196,84;196,13;195,97;195,96;195,8;196,65;196,21;196,18;196,01;196,14;195,98;196,49
;ec64c9c06e99;;;43;25.10.2025;Samstag;Oktober;2025;4745,5;4,75;211,5;212,5;203,4;196,4;196,2;196,2;196,1;195,8;195,9;196,3;195,8;195,9;195,9;196,5;196;196,1;196,2;195,6;195,6;195,7;196,2;196,5;196,8;196,4
;ec64c9c06e99;;;43;24.10.2025;Freitag;Oktober;2025;5724,96;5,72;195,5;196,11;194,78;195,36;195,48;196,45;196,66;232,2;307,54;372,05;331,13;338,85;360,41;256,02;227,55;212,25;213,38;212,28;212,32;211,91;212,4;211,7;211,6;211,9
;ec64c9c06e99;;;43;23.10.2025;Donnerstag;Oktober;2025;6047,47;6,05;195,24;195,58;194,17;195,23;195,23;195,45;196,68;252,39;329,12;390,03;406,8;382,16;298,62;296,76;329;305,37;288,15;222,93;198,24;197,28;196,2;195,79;195,58;195,47
;ec64c9c06e99;;;43;22.10.2025;Mittwoch;Oktober;2025;6001,1;6;192,15;192,61;191,09;192,04;192;192,37;193,85;196,75;302,4;356,33;342,42;339,93;366,69;349,76;349,82;356,16;302,62;198,4;181,12;180,16;196,78;195,79;195,45;195,25
;ec64c9c06e99;;;43;21.10.2025;Dienstag;Oktober;2025;6176,5;6,18;204,66;205,05;199,88;199,47;199,25;199,61;200,62;214,22;328,58;381,69;384,61;395,95;360,92;327,57;353,09;360,74;300,33;204,68;194,28;192,5;192,6;192,24;192,01;191,95
;ec64c9c06e99;;;43;20.10.2025;Montag;Oktober;2025;6066,91;6,07;210,62;211,4;209,63;210,5;210,62;207,55;206,03;237,52;286,02;391,46;350,82;315,95;315,05;277,54;322,82;352,15;258,92;203,95;199,53;205,27;205,8;204,94;204,36;205,02
;ec64c9c06e99;;;42;19.10.2025;Sonntag;Oktober;2025;5007,13;5,01;207,1;206,8;205,03;205,67;205,72;205,72;205,95;205,96;204,79;210,81;210,02;210,06;210,14;210,67;210,47;210,27;210,2;210,02;210,2;210,04;210,09;210,34;210,66;210,4
;ec64c9c06e99;;;42;18.10.2025;Samstag;Oktober;2025;4842,4;4,84;200,9;201,4;200;201,2;202,4;206,3;206,4;206,2;205,7;205,4;203,1;200,7;200,4;200,3;200,3;199,9;199,8;199,4;199,8;199,8;199,8;200,2;200,5;202,5
;ec64c9c06e99;;;42;17.10.2025;Freitag;Oktober;2025;6579,54;6,58;200,2;200,04;199,19;200,21;200,24;200,64;243,75;346,35;408,69;423,2;454,71;461,63;555,5;434,34;238,26;202,34;202,41;201,6;201,02;201,12;201,7;201;200,5;200,9
;ec64c9c06e99;;;42;16.10.2025;Donnerstag;Oktober;2025;6229,83;6,23;200,18;199,98;199,2;200,46;199,85;200,7;246,72;272,53;391,97;367,4;321,02;414,52;353,46;303,14;336,59;331,91;258,5;203,5;200,41;200,06;200,41;200,28;200,01;199,7
;ec64c9c06e99;;;42;15.10.2025;Mittwoch;Oktober;2025;7286,41;7,29;199,91;199,99;198,79;200,18;199,79;199,86;244,8;283,93;449,83;443,43;387,62;474,16;494,1;503,7;460,25;428,63;402,76;229,42;183,16;200,23;200,82;200,38;200,38;200
;ec64c9c06e99;;;42;14.10.2025;Dienstag;Oktober;2025;6729,89;6,73;200,5;200,38;199,05;199,79;200,08;200,42;216,72;268,02;435,6;351,65;475,52;378;385,32;396,94;424,4;450,62;279,72;203,4;201,38;199,81;200,59;200,01;200,02;200
;ec64c9c06e99;;;42;13.10.2025;Montag;Oktober;2025;6152,53;6,15;201,7;201,12;199,98;200,61;200,69;201,33;246,83;317,25;365,31;342,55;336,18;365,95;335,76;342,38;282,09;310,94;276,76;202,63;200,77;195,37;201,08;199,23;200,16;200,2
;ec64c9c06e99;;;41;12.10.2025;Sonntag;Oktober;2025;4821,77;4,82;201,6;201;200,03;201;201;201,14;201,66;201,29;200,88;200,73;200,87;200,79;201,14;200,82;201,02;200,93;200,88;200,52;200,35;200,45;200,65;200,95;201,15;200,92
;ec64c9c06e99;;;41;11.10.2025;Samstag;Oktober;2025;4822,6;4,82;201,4;201,1;200,1;201,3;201;201,2;201,2;201;201;200,5;200,6;201,3;200,9;201;200,9;201;201;201,1;200,5;200,5;200,9;201;201,1;201
;ec64c9c06e99;;;41;10.10.2025;Freitag;Oktober;2025;6314,2;6,31;201,18;201;200,12;200,91;200,93;201,58;247,8;301,79;345,09;482,08;451,61;436,86;444,31;255,5;237,96;249,81;206,22;201,91;201,47;201,48;201,9;201,1;201,1;201
;ec64c9c06e99;;;41;09.10.2025;Donnerstag;Oktober;2025;6535,43;6,54;201,44;201,02;199,85;200,59;200,57;201,51;237,12;311,01;336,52;385,07;359,77;377,89;382,27;391,47;393,37;380,55;333,93;231,05;203,63;201,62;201,61;201,18;201,21;201,18
;ec64c9c06e99;;;41;08.10.2025;Mittwoch;Oktober;2025;7741,01;7,74;202,7;202,25;201,43;202,28;202,62;202,55;243,16;337,46;447,15;527,39;577,02;486,58;480,05;434,16;483,08;451,33;423,89;376,18;253,6;201,14;201,26;201,04;201,32;201,37
;ec64c9c06e99;;;41;07.10.2025;Dienstag;Oktober;2025;6938,25;6,94;201;201,36;200,47;201,17;201,34;201,71;231,31;278,91;365,6;417,33;416,77;392,94;434,54;442,98;426,65;425,82;387,65;259,62;200,95;203,65;203,09;202,68;202,6;202,47
;ec64c9c06e99;;;41;06.10.2025;Montag;Oktober;2025;8186,94;8,19;195,57;195,58;195,31;195,79;195,62;195,87;242,17;314,51;504,89;617,95;599,75;515,02;551,98;577;548,7;521,84;494,89;313,73;204,15;201,77;201,7;201,14;200,99;201,02
;ec64c9c06e99;;;40;05.10.2025;Sonntag;Oktober;2025;4685,88;4,69;195,2;195,4;195,27;195,27;195,11;195,44;195,03;195,03;195;195,01;195,01;195,02;195,23;195,13;195,5;195,01;195,03;195,06;195,13;195,47;196,06;195,58;195,43;195,46
;ec64c9c06e99;;;40;04.10.2025;Samstag;Oktober;2025;4686,5;4,69;195,7;195,4;194,7;196;195,5;195,6;195,1;195,8;195,5;195;195;195;195,1;195;195,1;195,9;195,3;195;195;195,1;195,1;195;195,4;195,2
;ec64c9c06e99;;;40;03.10.2025;Freitag;Oktober;2025;4706,72;4,71;195,55;195,61;194,88;195,75;196,17;195,89;196,15;197,58;197,42;196,2;196,34;196,46;183,45;196,22;196,19;196,51;196,19;196,34;195,93;195,77;196,2;195,6;195,6;195,6
;ec64c9c06e99;;;40;02.10.2025;Donnerstag;Oktober;2025;6343,37;6,34;196,18;195,94;194,99;195,62;196,07;196,1;197,32;264,32;323,18;424,93;415,7;394,13;344,01;366,9;372,27;370,06;281,59;237,51;196,62;196,2;196,61;195,81;195,64;195,67
;ec64c9c06e99;;;40;01.10.2025;Mittwoch;Oktober;2025;7603,05;7,6;196,47;196,16;195,37;196,08;195,95;196,21;234,71;329,39;457,85;543,83;546,68;541,42;491,64;474,82;399,31;553,83;432,59;242,12;196,87;183,43;196,64;196,23;196,21;196,15
;ec64c9c06e99;;;40;30.09.2025;Dienstag;September;2025;6622,39;6,62;197,23;196,83;196;196,83;196,83;197,23;234,18;340,07;387,61;454,34;450,09;436,92;434,01;339,32;352,04;350,34;283;200,07;197,62;196,32;196,66;196,28;196,36;196,21
;ec64c9c06e99;;;40;29.09.2025;Montag;September;2025;8076,9;8,08;195,89;196,52;196,05;195,88;196,07;195,96;238,95;325,35;538,37;553,12;569,11;521,81;568,81;498,67;588,46;571,25;474,9;218,52;198,09;197,45;197,64;196,93;196,97;197,09
;ec64c9c06e99;;;39;28.09.2025;Sonntag;September;2025;4698,39;4,7;196,1;196,8;195,71;195,93;195,89;195,94;196,29;195,67;195,13;195,25;196,05;196,24;195,92;195,8;196;195,84;195,74;195,33;195,38;195,11;195,29;195,54;195,59;195,85
;ec64c9c06e99;;;39;27.09.2025;Samstag;September;2025;4693,9;4,69;196,2;196,7;195,5;195,9;196,1;196;195,3;195;195;195,3;195,7;195,1;195,1;196,5;195,6;195,6;195,4;195;195;195;195,4;195,5;195,8;196,2
;ec64c9c06e99;;;39;26.09.2025;Freitag;September;2025;6000,94;6;195,67;195,59;194,86;195,6;196,16;195,95;207,88;259,87;356,03;440,07;445,79;422,95;452,1;280,31;200,37;180,63;196,77;196,7;196,34;190,25;196,7;195,8;196;196,2
;ec64c9c06e99;;;39;25.09.2025;Donnerstag;September;2025;6804,15;6,8;193,39;193,24;192,52;193,21;193,76;193,5;236,51;328,05;378,26;482,5;437,31;428,45;445,9;419,46;403,35;362,34;305,75;213,94;181,15;196,04;196,1;195,73;195,79;195,68
;ec64c9c06e99;;;39;24.09.2025;Mittwoch;September;2025;6692,02;6,69;196,08;196,03;195,16;196,01;196,35;195,96;238,38;291,52;349,47;466,55;426,12;442;385,8;400,83;440,7;404;283,59;195,93;195,02;193,76;193,84;193,33;193,23;193,26
;ec64c9c06e99;;;39;23.09.2025;Dienstag;September;2025;7238,93;7,24;194,28;194,2;193,59;194,29;194,26;194,78;233,86;307,05;390,24;452,6;529;537,3;449,72;442,27;490,4;388,23;463,56;195,69;197,49;194,25;196,81;196,37;196,18;195,96
;ec64c9c06e99;;;39;22.09.2025;Montag;September;2025;7557,45;7,56;193,67;194,91;193,48;193,48;193,78;193,68;231,41;315,69;420,3;531,97;523,1;537,95;483,23;529,49;467,05;432,95;474,47;232,17;195,17;194,02;194,25;194,02;194,12;194,33
;ec64c9c06e99;;;38;21.09.2025;Sonntag;September;2025;4634,01;4,63;193,2;193,2;192,35;192,95;193,48;193,89;193,08;193,45;192,63;192,8;192,61;192,7;192,81;193,04;193,08;192,79;193,52;193,13;193,03;193,01;193,07;193,24;193,23;193,72
;ec64c9c06e99;;;38;20.09.2025;Samstag;September;2025;4747,8;4,75;198;198,1;197,4;197,9;198,1;198,7;198,1;197,8;197,5;198,2;198,1;197,9;197,8;197,9;197,7;197,5;198;197,8;197,2;197,5;197,8;197,7;198;197,1
;ec64c9c06e99;;;38;19.09.2025;Freitag;September;2025;6443,77;6,44;199,31;199,29;198,5;198,96;198,76;199,68;239,34;321,78;372,42;455,74;489,45;464,28;424,09;358,47;270,04;261,82;200,39;199,8;198,56;198,49;199,1;198,9;198,5;198,1
;ec64c9c06e99;;;38;18.09.2025;Donnerstag;September;2025;6904,55;6,91;196,78;196,46;195,51;196,2;196,22;197,22;237,26;329,62;444,01;470,43;455,97;524,36;410,17;427,33;354,7;427,96;262,53;197,13;196,13;194,63;194,87;198,97;200,36;199,73
;ec64c9c06e99;;;38;17.09.2025;Mittwoch;September;2025;8489,41;8,49;194,17;193,74;193,56;193,73;194,12;194,15;239,37;351,28;553,81;620,63;539,39;637,41;633,11;418,81;544,54;602,2;609,3;346,06;197,54;197;197,44;196,5;196,38;196,28
;ec64c9c06e99;;;38;16.09.2025;Dienstag;September;2025;5400,5;5,4;198,64;198,81;198,17;198,67;198,98;198,91;200,25;201,13;257,4;204,07;202,18;247,39;303,45;266,5;260,75;285,2;348,34;263,34;195,87;194,77;195,05;194,33;194,34;193,96
;ec64c9c06e99;;;38;15.09.2025;Montag;September;2025;8064,37;8,06;198,06;198,01;197,28;198,64;198,09;198,23;244,07;435,95;573,8;431,61;483,77;455,4;603,58;601,28;592,21;579,46;436,36;197,63;194,07;199,25;199,46;199,18;198,85;198,86
;ec64c9c06e99;;;37;14.09.2025;Sonntag;September;2025;4751,76;4,75;198;198,1;197,55;197,92;197,98;198,28;198,22;198,61;198,02;198,2;197,96;198,06;197,94;198;197,9;198,42;197,97;197,8;197,65;197,67;197,48;197,81;197,97;198,25
;ec64c9c06e99;;;37;13.09.2025;Samstag;September;2025;4755,2;4,75;198,6;198,6;197,9;198,6;198,7;198,5;198;198;198,2;198,1;198;198,9;198,1;198,1;197,9;198;198;198;198;197,7;197,5;197,8;198;198
;ec64c9c06e99;;;37;12.09.2025;Freitag;September;2025;6116,49;6,12;198,52;199,16;197,8;198,35;198,38;198,47;245,71;322,77;316,99;404,02;456,73;455,23;447,81;262,19;226,27;200,56;195,96;199,17;199,1;182,44;199;198,3;198,5;198,5
;ec64c9c06e99;;;37;11.09.2025;Donnerstag;September;2025;7208,15;7,21;217,34;224,32;206,26;198,58;198,24;198,75;239,53;319,05;396,5;541,13;497,17;506,16;446,1;443,81;429,14;376,86;301,81;240,05;205,26;198,57;198,59;198,27;198,34;198,55
;ec64c9c06e99;;;37;10.09.2025;Mittwoch;September;2025;7776,14;7,78;201,41;201,02;200,29;201;200,99;201,27;245,07;338,38;446,32;539,79;487,95;535,69;541,78;524,54;465,53;508;369,48;260,1;219,66;217,55;217,54;217,5;217,63;217,65
;ec64c9c06e99;;;37;09.09.2025;Dienstag;September;2025;7550,16;7,55;207,19;207,75;203,55;199,97;200,03;200,65;245,02;375,07;436,75;510,57;498,1;476,83;451,45;479,21;502,19;504,37;409,22;235,04;201,26;200,95;201,56;201,19;201,14;201,1
;ec64c9c06e99;;;37;08.09.2025;Montag;September;2025;7770,79;7,77;198,65;198,68;198,37;198,95;198,57;199,35;246,11;309,68;423,87;501,64;507,79;476,9;538,85;534,67;497,14;511,25;484,38;268,68;209,28;207,53;208,02;207,26;207,22;207,21
;ec64c9c06e99;;;36;07.09.2025;Sonntag;September;2025;4769,07;4,77;198,6;199,1;197,84;198,61;198,6;198,6;199,03;199,78;199,11;198,66;198,65;198,66;198,64;198,92;198,52;198,78;198,62;198,46;198,6;198,55;198,58;198,6;198,98;198,58
;ec64c9c06e99;;;36;06.09.2025;Samstag;September;2025;4766;4,77;198,7;198,6;198,1;198,9;198,8;198,7;198,2;198,1;198,4;198,6;199,1;199,2;198,7;198,6;198,6;198,6;198,7;198,6;198,6;198,1;198,1;198,3;198,7;199
;ec64c9c06e99;;;36;05.09.2025;Freitag;September;2025;6928,89;6,93;205,07;205,09;204,27;205,14;204,59;205,08;248;376,44;451,46;602,51;587,93;514,54;497,78;313,75;245,1;235,5;229,45;202,88;199,49;199,02;199,5;198,8;198,8;198,7
;ec64c9c06e99;;;36;04.09.2025;Donnerstag;September;2025;7432,93;7,43;199,7;199,76;199,28;199,52;199,65;200,05;249,06;346,35;420,49;539,88;559,51;532,08;431,98;477,93;475,72;460,06;304,44;189,95;205,97;204,6;205,13;204,42;204,98;205,17
;ec64c9c06e99;;;36;03.09.2025;Mittwoch;September;2025;7657,33;7,66;199,65;199,41;198,47;199,24;199,17;199,58;242,99;326,39;458,61;542,33;561,37;534,62;471,45;444,14;483,65;503,1;424,64;268,18;200,99;200,37;200,46;199,89;199,31;199,32
;ec64c9c06e99;;;36;02.09.2025;Dienstag;September;2025;6983,07;6,98;218,45;218,09;209,4;201,6;201,6;201,95;241,45;332,38;387,41;429,91;475,36;399;439,19;400,17;418,15;378,26;337,19;224,98;201,66;199,81;199,85;199,4;199,23;199,2
;ec64c9c06e99;;;36;01.09.2025;Montag;September;2025;7723,4;7,72;199,18;199,15;198,48;199,16;199,11;199,4;241,3;374,43;429,09;534,39;532,85;519,84;438,93;461,2;506,11;524,86;416,13;237,67;219,81;218,75;219,18;218,2;218,06;218,12
;ec64c9c06e99;;;35;31.08.2025;Sonntag;August;2025;4778,5;4,78;199,2;199,5;198,97;199,44;199,02;199,1;199,02;198,67;199,81;198,71;198,86;198,86;199;199,12;199,07;199,35;199,15;199,04;198,83;198,61;198,63;199,04;199,98;199,52
;ec64c9c06e99;;;35;30.08.2025;Samstag;August;2025;4777,6;4,78;199,2;199,2;198,6;199,4;199,2;199,2;199,5;199,4;198,9;198,8;199,2;199,1;199,5;198,8;198,6;198,8;198,8;199,3;199,2;198,7;198,7;199,1;199,2;199,2
;ec64c9c06e99;;;35;29.08.2025;Freitag;August;2025;6077,41;6,08;199,89;200,19;199,15;200,29;199,9;200,52;242,38;338,79;412,66;391,3;405,57;417,71;411,28;257,79;200,7;201,5;200,77;199,72;199,69;199,81;200,1;199,3;199,2;199,2
;ec64c9c06e99;;;35;28.08.2025;Donnerstag;August;2025;7940,28;7,94;202,74;203,17;202,31;203,04;202,8;202,78;245,08;317,7;508,65;618,65;531,71;598,31;422,6;539,01;557,05;484,01;450,5;248,22;201,57;200,13;200,36;199,83;199,82;200,24
;ec64c9c06e99;;;35;27.08.2025;Mittwoch;August;2025;6972,4;6,97;198,68;198,7;198,05;198,61;198,36;199,42;244,31;284,89;415,03;488,75;475,3;468,92;426,61;460,23;372,34;399,47;312,6;214,44;203,76;202,9;202,99;202,5;202,75;202,79
;ec64c9c06e99;;;35;26.08.2025;Dienstag;August;2025;6923,42;6,92;199,47;199,16;198,54;199,2;199,15;199,47;200,26;237,45;411,77;378,65;512,07;489,84;397,48;485,8;463,72;428,33;298,68;230,76;199,1;198,74;199,21;198,72;199,07;198,78
;ec64c9c06e99;;;35;25.08.2025;Montag;August;2025;7744,94;7,75;198,6;198,61;197,99;198,6;198,57;198,98;243,07;326,05;494,37;606,41;516,6;504,8;433,45;450,91;444,45;589,7;534,32;211,42;200,82;199,46;199,74;199,38;199,24;199,4
;ec64c9c06e99;;;34;24.08.2025;Sonntag;August;2025;4765,17;4,76;198,7;199;198,03;198,65;198,97;198,68;198,62;198,83;199,09;198,58;198,5;198,23;198,18;198,53;198,6;198,66;198,19;198,26;198,39;198,26;198,3;198,3;198,87;198,75
;ec64c9c06e99;;;34;23.08.2025;Samstag;August;2025;4758,1;4,76;198,7;198,7;198,3;198,8;199;198,6;197,9;197,5;197,5;197,5;198,3;198,1;197,9;197,7;198;198,6;198;198;198,1;198,3;198,5;198,6;198,8;198,7
;ec64c9c06e99;;;34;22.08.2025;Freitag;August;2025;6706,05;6,71;200,92;200,97;200,23;200,42;200,88;201,57;243,97;338,43;496,99;572,01;519,5;510,36;569,93;268,23;196,02;196,9;199,87;199,06;198,88;195,71;199,3;198,6;198,6;198,7
;ec64c9c06e99;;;34;21.08.2025;Donnerstag;August;2025;7903,57;7,9;206,4;205,89;205,2;205,78;205,91;206,13;247,63;331,59;517,62;545,07;622,03;562,41;416,62;520,32;562,58;571,47;341,15;206,67;206,49;189,04;205,85;202,88;200,77;200,87
;ec64c9c06e99;;;34;20.08.2025;Mittwoch;August;2025;7452,41;7,45;206,51;206,39;205,51;206,2;206,37;206,71;248,5;329,83;389,49;495,3;459,1;435,46;519,25;513,01;491,84;451,07;374,27;227,22;204,99;206,33;206,46;206,1;206,43;206,3
;ec64c9c06e99;;;34;19.08.2025;Dienstag;August;2025;7558,54;7,56;222,39;222,34;211,58;202,19;201,64;201,93;276,51;345,22;406,36;509,81;479,24;520,54;482,53;494,97;463,05;456,04;381,55;239,96;203,16;191,83;208,44;206,93;206,49;206,42
;ec64c9c06e99;;;34;18.08.2025;Montag;August;2025;7948,23;7,95;199,36;199,6;199,07;199,41;199,14;199,53;199,95;272,96;420,17;545,12;548,14;565,68;486,84;523;572,28;564,64;447,82;248,19;223,3;222,43;222,59;222,13;222,19;222,05
;ec64c9c06e99;;;33;17.08.2025;Sonntag;August;2025;4785,28;4,79;199,94;199,48;198,88;199,9;199,58;199,29;199,26;199,4;199,87;199,37;199,19;199,2;199,29;199,78;199,26;199,51;199,45;199,16;199,18;198,92;198,74;199,12;199,73;199,78
;ec64c9c06e99;;;33;16.08.2025;Samstag;August;2025;4787,02;4,79;199,6;199,56;199,06;199,84;199,82;199,78;199,36;199,79;199,53;199,2;200,12;199,3;199,24;199,21;199,32;199,34;199,54;199,54;199,26;199,2;199,2;199,23;199,32;199,66
;ec64c9c06e99;;;33;15.08.2025;Freitag;August;2025;5510,02;5,51;199,25;199,3;198,72;199,27;199,5;199,56;243,58;305,53;310,55;310,75;304,06;310,59;311,96;214,28;201,72;201,66;201,52;200,34;200,04;198,44;200,51;199,82;199,47;199,6
;ec64c9c06e99;;;33;14.08.2025;Donnerstag;August;2025;6949,77;6,95;200,03;199,98;199,4;199,83;200,28;200,32;241,53;335,86;342,98;409,46;490,54;478,94;444,88;436,6;477,16;409,73;263,76;218,04;201,72;183,14;199,8;200,56;199,31;199,27
;ec64c9c06e99;;;33;13.08.2025;Mittwoch;August;2025;7207,54;7,21;200,98;201,02;200,49;201;201,07;201,66;242,08;349,04;468,98;570,29;486,67;370,03;396,2;409,34;559,43;448,37;286,63;212,67;201,65;200,25;200,16;199,85;199,79;199,89
;ec64c9c06e99;;;33;12.08.2025;Dienstag;August;2025;7412,73;7,41;199,69;199,74;198,99;199,48;199,45;200,18;239,44;345,27;451,3;392,47;403,52;400,6;387,66;562,29;543,17;547,98;440,33;262,46;229,62;205,96;201,06;200,53;200,65;200,89
;ec64c9c06e99;;;33;11.08.2025;Montag;August;2025;7619,1;7,62;200,38;200,38;200,31;200,48;200,39;200,5;238,45;337,64;475,08;508,67;539,07;495,34;468,65;443,1;492,12;518,75;437,07;198,66;200,09;199,5;199,8;199,21;199,48;199,55
;ec64c9c06e99;;;32;10.08.2025;Sonntag;August;2025;4800;4,8;200,07;200,13;199,63;200,15;200,37;200,47;200,28;200,22;200,58;200,23;200,06;200,07;200,01;199,75;199,69;199,57;199,3;199,68;199,65;199,97;199,88;199,9;200,12;200,22
;ec64c9c06e99;;;32;09.08.2025;Samstag;August;2025;4795,38;4,79;199,93;199,99;200,07;199,97;199,93;199,83;199,79;199,63;199,94;200,01;199,58;200,3;199,93;199,37;199,37;199,74;199,82;199,48;199,37;199,58;199,79;199,89;200,1;199,97
;ec64c9c06e99;;;32;08.08.2025;Freitag;August;2025;6329,57;6,33;199,76;199,92;199,33;199,86;199,91;200,55;242,86;306,23;424,42;433,12;452,85;473,5;468,09;295,66;200,97;200,86;200,08;193,68;200,34;200,82;200,51;199,86;199,77;199,93
;ec64c9c06e99;;;32;07.08.2025;Donnerstag;August;2025;6316,21;6,32;199,6;200,02;199,26;199,8;199,8;200,02;240,3;290,55;314,19;401;369,69;333,58;332,96;330,23;391,76;368,05;339,88;201,23;201,03;200,88;201;200,46;200,34;200,58
;ec64c9c06e99;;;32;06.08.2025;Mittwoch;August;2025;6150,83;6,15;200,99;201,03;200,18;200,28;200,68;200,72;243,19;258,22;288,06;352,93;342,35;359,94;256,62;325,89;359,04;355,4;328,46;250,89;200,23;199,87;200,36;199,56;199,24;199,55
;ec64c9c06e99;;;32;05.08.2025;Dienstag;August;2025;7229,47;7,23;199,81;199,98;199,46;199,8;199,72;200,2;241,73;348,28;410,94;364,63;522,18;427,58;404,67;442,82;459,31;459,31;455,25;284,69;202,8;201,28;201,53;201,16;201,09;201,25
;ec64c9c06e99;;;32;04.08.2025;Montag;August;2025;6204,68;6,21;198,84;199,05;198,28;198,84;199,22;199,42;241,02;305,13;299,65;351,34;348,28;359,87;361,13;335,82;357,27;361,69;284,02;202,58;202,24;200,6;200,4;200;199,88;200,11
;ec64c9c06e99;;;31;03.08.2025;Sonntag;August;2025;4765,82;4,77;199,14;198,92;198,33;198,85;198,85;199,11;198,53;198,74;198,49;198,08;198,08;198,26;198,23;198,11;198,77;198,2;198,03;198,02;199;198,38;199,12;198,91;198,94;198,73
;ec64c9c06e99;;;31;02.08.2025;Samstag;August;2025;4822,26;4,82;221,21;220,98;210,9;199,09;198,91;198,89;198,67;198,33;198,52;198,85;198,72;198,09;198,18;198,21;198,01;198,79;198,52;198,32;197,95;198,01;198,54;198,67;199,09;198,81
;ec64c9c06e99;;;31;01.08.2025;Freitag;August;2025;6650,32;6,65;199,87;199,84;199,3;199,85;199,78;200,99;242,81;295,34;420,98;432,58;483,16;461,76;520;319,8;259,83;241,29;222,09;221,72;221,96;222,36;221,89;221,01;221,15;220,96
;ec64c9c06e99;;;31;31.07.2025;Donnerstag;Juli;2025;6781,43;6,78;209,85;210,1;204,49;199,4;199,23;200,14;197,43;316,29;465,82;472,09;478,58;509,82;363,46;350,98;302,99;313,27;348,82;199,25;200,77;200,33;200,4;199,95;200,16;199,87
;ec64c9c06e99;;;31;30.07.2025;Mittwoch;Juli;2025;6103,03;6,1;200,32;201,02;199,7;199,82;200,11;200,26;242,85;312,63;320,66;357,33;304,97;354,12;319,53;366,34;317,04;299,96;234,95;211,36;197,32;209,96;209,72;209,24;209,54;210,11
;ec64c9c06e99;;;31;29.07.2025;Dienstag;Juli;2025;6896,96;6,9;201,28;201,16;200,25;199,96;199,85;200,13;250,43;305,44;430,3;381,13;518,81;444,86;439,96;347,91;385,34;377,71;369,19;202,55;201,44;197,6;200,4;200,36;199,91;199,91
;ec64c9c06e99;;;31;28.07.2025;Montag;Juli;2025;6317,27;6,32;200,08;200,34;199,59;200,42;200,13;200,39;243,72;311,25;415,79;443,24;408,84;355,14;309,39;291,2;308,37;309,27;303,63;214,96;200,76;200,4;200,4;200;199,93;200,03
;ec64c9c06e99;;;30;27.07.2025;Sonntag;Juli;2025;4800,79;4,8;199,9;200,05;199,6;200,08;200,75;200,31;200,46;200,11;200,49;199,81;200,05;199,96;199,81;200,25;199,82;199,74;199,74;200,15;199,84;199,79;200,03;199,8;199,93;200,32
;ec64c9c06e99;;;30;26.07.2025;Samstag;Juli;2025;4799,56;4,8;199,9;200,14;200,6;200,08;199,94;199,86;199,76;199,84;200,08;200,49;199,85;199,62;199,88;199,86;200;200,21;200,05;199,78;199,83;199,81;199,73;200,1;199,97;200,18
;ec64c9c06e99;;;30;25.07.2025;Freitag;Juli;2025;6136,64;6,14;202,43;202,65;201,79;202,28;202,26;203,22;214,84;323,43;444,79;430,49;423,86;415,28;433,57;211,51;202,21;202,5;198,92;200,99;200,7;201,16;200,5;200,01;200,06;200,23
;ec64c9c06e99;;;30;24.07.2025;Donnerstag;Juli;2025;6874,51;6,88;223,6;223,6;212,95;202,82;202,8;203,27;243,67;345,61;495,47;393,2;449,68;495,8;327,58;330,1;369,53;343,86;307,41;221,29;204,5;203;202,89;202,45;202,91;202,68
;ec64c9c06e99;;;30;23.07.2025;Mittwoch;Juli;2025;6802,17;6,8;202,8;202,8;202,24;203,24;202,99;203,23;244,74;324,23;351,6;405,32;394,61;394,82;306,87;370,38;443,71;398,51;374,74;231,36;225,44;223,77;223,87;223,33;224,02;223,55
;ec64c9c06e99;;;30;22.07.2025;Dienstag;Juli;2025;6419,56;6,42;207,79;207,6;207,03;207,54;207,54;207,88;254;360,77;357,07;348,51;343,84;359,33;355,89;326,2;356;332,57;299,85;225,06;208,9;203,74;203,51;202,7;202,6;202,95
;ec64c9c06e99;;;30;21.07.2025;Montag;Juli;2025;7571,81;7,57;205,43;205,36;205,02;205,4;205,18;205,54;248,43;376,93;500,25;410,88;532,75;393,68;397;467,2;520,49;501,28;460,26;283,06;209,3;205,63;209,11;208,26;207,58;207,79
;ec64c9c06e99;;;29;20.07.2025;Sonntag;Juli;2025;4853,71;4,85;200,43;200,91;200,02;200,47;201,04;201;200,65;200,47;201,07;200,57;200,68;200,51;200,57;200,48;200,02;199,91;203,16;206,62;206,17;206,08;205,9;205,71;205,52;205,75
;ec64c9c06e99;;;29;19.07.2025;Samstag;Juli;2025;4811,72;4,81;200,43;200,64;201,36;200,53;200,41;200,43;200,39;200,44;200,63;200,83;200,31;200,33;200,21;200,12;199,99;200,87;200,51;200,03;200,28;200,37;200,61;200,6;200,78;200,62
;ec64c9c06e99;;;29;18.07.2025;Freitag;Juli;2025;6483,19;6,48;200,21;199,91;199,56;199,81;200,11;200,06;242,18;328,39;539,91;548,75;425,36;549,08;387,54;256,34;203;202,48;199,77;198,94;201,31;198,39;201,03;200,17;200,45;200,44
;ec64c9c06e99;;;29;17.07.2025;Donnerstag;Juli;2025;6762,02;6,76;209,53;208,78;204,16;200,19;200,01;200,12;244,77;328,49;428,19;408,94;378,26;412,27;435,6;404,82;413,19;373,99;287,21;220,68;200,98;200,62;200,77;200,36;200,01;200,08
;ec64c9c06e99;;;29;16.07.2025;Mittwoch;Juli;2025;7704,73;7,71;200,48;200,4;199,9;200,62;200,32;200,66;249,47;346,97;509,66;474,06;434,38;547,62;466,52;493,22;478,25;554,72;448,89;245,59;209,16;208,66;209,04;208,49;208,72;208,93
;ec64c9c06e99;;;29;15.07.2025;Dienstag;Juli;2025;6344,05;6,34;200,37;200,33;199,81;200,38;200,26;200,48;243,86;300,98;356,01;341,74;372,42;363,7;382,78;357,32;366,37;370,65;251,27;203,34;199,62;201,08;201,27;200,57;200,47;200,58
;ec64c9c06e99;;;29;14.07.2025;Montag;Juli;2025;7630,91;7,63;200,46;200,43;199,95;200,37;200,35;200,7;243,2;309,9;505,56;580,3;537,38;526,67;484,17;463,43;516,49;476,42;329,95;202,05;201,19;200,94;200,72;200,4;200,67;200,46
;ec64c9c06e99;;;28;13.07.2025;Sonntag;Juli;2025;4797,08;4,8;200,28;200,34;199,82;200,34;200,69;200,26;199,84;199,8;200,37;199,95;199,77;200,35;199,95;199,46;199,37;199,26;199,32;199,68;199,68;199,5;199,33;199,56;200,06;200,1
;ec64c9c06e99;;;28;12.07.2025;Samstag;Juli;2025;4800,41;4,8;200,62;200,28;200,04;200,6;200,56;200,28;199,99;200,06;199,8;199,9;199,67;199,91;200,09;200,01;199,82;200,19;199,41;199,49;199,6;199,67;199,52;200,2;200,52;200,18
;ec64c9c06e99;;;28;11.07.2025;Freitag;Juli;2025;6631,29;6,63;200,97;201;200,52;201,31;200,97;201,48;242,38;342,67;479;494;501,77;535,13;447,28;275,69;243,85;236,78;225,22;181,61;200,79;200,87;200,78;200,05;200,22;200,14
;ec64c9c06e99;;;28;10.07.2025;Donnerstag;Juli;2025;6902,33;6,9;201,28;201,26;200,5;200,96;200,84;201,24;244,38;330,78;454,05;532,68;463,57;455,65;382,99;301,1;392,09;355,97;329,32;245,11;201,78;201,63;201,9;200,98;201,08;201,19
;ec64c9c06e99;;;28;09.07.2025;Mittwoch;Juli;2025;7941,79;7,94;203,28;203,11;202,61;202,89;202,75;203,12;241,28;318,01;558,68;610,97;630,46;579,71;582,86;549,66;436,85;425,96;358,32;224,13;202,58;201,28;200,98;200,55;200,73;201,02
;ec64c9c06e99;;;28;08.07.2025;Dienstag;Juli;2025;7128,96;7,13;199,71;199,45;198,97;199,39;199,4;199,62;241,58;312,04;362,57;390,16;414,82;422,03;479,36;438,19;469,32;480,4;423,37;238,29;209,54;203,35;203,5;203,04;202,9;203,1
;ec64c9c06e99;;;28;07.07.2025;Montag;Juli;2025;8508,86;8,51;199,28;199,21;198,72;199,17;199,2;199,7;244,75;326,65;509;625,92;596,62;628,71;574,65;563,75;521,26;537,27;574,94;378,93;233,59;199,68;199,75;199,32;199,42;199,37
;ec64c9c06e99;;;27;06.07.2025;Sonntag;Juli;2025;4789,03;4,79;199,71;199,69;199,24;199,75;200,02;200,44;199,65;200,29;199,93;199,34;199,52;199,34;199,24;199,24;199,27;199,37;199,29;199,58;199,5;199,48;199,2;199,15;199,25;199,54
;ec64c9c06e99;;;27;05.07.2025;Samstag;Juli;2025;4791,2;4,79;199,8;199,88;200,33;200,01;199,77;199,69;199,41;199,33;199,64;199,36;199,32;199,27;199,33;199,72;199,66;200,07;199,88;199,57;199,37;199,4;199,58;199,64;199,63;199,54
;ec64c9c06e99;;;27;04.07.2025;Freitag;Juli;2025;7079,24;7,08;200,81;201,06;200,66;200,76;200,61;200,82;241,07;361,24;524,56;614,72;611,14;641,01;530,29;312,42;230,1;202,43;202,49;201,26;201,06;201,25;200,25;199,68;199,73;199,82
;ec64c9c06e99;;;27;03.07.2025;Donnerstag;Juli;2025;7394,45;7,39;201,56;201,43;200,42;201,26;201,33;201,89;238,71;307,03;346,82;488,19;490,25;437,99;469,95;453,81;497,75;480,8;416,23;305,88;206,05;201,6;201,09;200,6;200,74;200,55
;ec64c9c06e99;;;27;02.07.2025;Mittwoch;Juli;2025;6937,09;6,94;199,95;200,19;199,83;200,33;200,42;200,25;220,7;324,69;431,28;471,03;396,48;403,71;371,37;363,47;508,1;385,2;336,07;260,14;202,33;198,76;201,48;200,8;201,87;202,31
;ec64c9c06e99;;;27;01.07.2025;Dienstag;Juli;2025;6567,25;6,57;200,74;200,74;200,12;200,49;200,25;200,88;242,7;344,77;353,56;408,27;411;416,37;356,25;339,22;399,74;402,16;286,3;201,31;201,15;201,04;200,47;199,86;199,97;199,89
;ec64c9c06e99;;;27;30.06.2025;Montag;Juni;2025;7815,44;7,82;198;198;197,57;197,96;198;198,48;269,47;334,8;504,87;562,11;620,72;526,64;485,62;491,73;469,97;452,63;416,41;239,17;204,74;202,22;201,79;200,67;200,95;201,09
;ec64c9c06e99;;;26;29.06.2025;Sonntag;Juni;2025;4752,45;4,75;197,9;197,95;197,55;197,96;198,61;198,3;197,76;197,68;198,13;197,84;198,15;198,03;197,99;197,87;198,09;197,95;197,96;198,13;198,32;198;197,95;197,98;198,05;198,3
;ec64c9c06e99;;;26;28.06.2025;Samstag;Juni;2025;4747,18;4,75;197,57;197,75;198,39;198,14;197,97;197,86;197,51;197,41;197,83;197,95;197,66;197,83;197,85;197,78;197,65;198,34;197,83;197,63;197,65;197,44;197,5;197,84;197,86;197,94
;ec64c9c06e99;;;26;27.06.2025;Freitag;Juni;2025;6397,43;6,4;197,56;198,08;197,42;197,66;198,03;198,26;200,18;300,45;483;530,93;490,09;502,83;398,28;249,7;238,58;231,06;199,19;181,87;198,3;198,47;198,09;197,55;197,71;197,61
;ec64c9c06e99;;;26;26.06.2025;Donnerstag;Juni;2025;6389,84;6,39;198,13;198,22;197,87;198,01;198,06;198,48;199,25;225,19;353,75;390,92;378,72;410,71;342,12;381,11;403,83;364,56;326,36;220,35;199,16;195,72;197,97;197,54;197,89;197,5
;ec64c9c06e99;;;26;25.06.2025;Mittwoch;Juni;2025;6823,18;6,82;198,42;198;197,5;198;198;198,32;210,42;253,33;350,68;451,13;468,94;453,93;399,48;408,3;400,3;415,31;340,64;267,64;221,45;199,17;198,79;198,65;198,4;198,38
;ec64c9c06e99;;;26;24.06.2025;Dienstag;Juni;2025;7198,95;7,2;198,51;198,44;198,02;198,35;198,37;198,55;206,76;256,21;435,82;428,58;424,02;532,83;467,4;425,67;450,83;449,15;472,32;268,31;199,64;198;198,59;198,14;198,05;198,39
;ec64c9c06e99;;;26;23.06.2025;Montag;Juni;2025;6794,11;6,79;197,89;198,04;197,69;198;198;198,5;198,95;283,12;355,69;419,81;424,92;491,26;407,84;391,57;425,58;409,44;355,04;250,13;199,19;198,97;199,31;198,32;198,46;198,39
;ec64c9c06e99;;;25;22.06.2025;Sonntag;Juni;2025;4819,02;4,82;201,95;203,15;201,59;202,11;202,24;202,19;202,64;202,38;202,21;202,19;202,4;202,01;202,25;201,96;201,69;201,69;200,71;197,4;197,5;197,89;197,89;197,74;197,64;197,6
;ec64c9c06e99;;;25;21.06.2025;Samstag;Juni;2025;5022,85;5,02;202,22;202,3;202,32;202,52;202,81;202,23;201,86;201,77;202,47;208,22;261,37;262,74;245,64;202,72;202,74;202,72;202,54;202,78;202,1;201,8;201,66;201,91;201,68;201,73
;ec64c9c06e99;;;25;20.06.2025;Freitag;Juni;2025;6273,13;6,27;198,44;198,49;197,77;198,12;198,38;198,98;197,24;254,93;440,78;453,59;481,88;452,07;415,29;337,59;219,36;204,47;204,19;186,77;203,37;203,65;203,25;202,8;202,52;202,2
;ec64c9c06e99;;;25;19.06.2025;Donnerstag;Juni;2025;6722,89;6,72;198,48;198,23;197,64;197,96;198;198,48;200,09;252,11;429,51;473,16;466,05;468,66;360,56;349,1;440,87;403,41;294,17;201,79;200,85;199,75;199,2;198,24;198,33;198,25
;ec64c9c06e99;;;25;18.06.2025;Mittwoch;Juni;2025;5898,85;5,9;198,34;197,96;197,73;198,13;197,97;197,94;199,35;292,58;301,86;310,54;338,97;350,98;323,68;294,32;300,64;301,27;294,2;209,76;199,64;199,08;199,02;198,33;198,08;198,48
;ec64c9c06e99;;;25;17.06.2025;Dienstag;Juni;2025;7243,8;7,24;191,34;191,42;191,03;191,4;191,33;192,14;202,44;233,14;457,67;338,02;405,55;509,63;447,85;382,95;535,34;584,53;496,89;270,97;196,07;198,1;198,27;198,07;198;198,07
;ec64c9c06e99;;;25;16.06.2025;Montag;Juni;2025;6556,36;6,56;191,41;191,61;191,02;191,52;191,38;191,78;196,31;317,23;446,79;499,74;437,6;409,48;373,15;391,71;383,73;306,19;287,13;208,58;191,27;192,12;192,09;191,62;191,5;191,4
;ec64c9c06e99;;;24;15.06.2025;Sonntag;Juni;2025;4736,02;4,74;197,56;197,87;197,54;198,4;197,86;198,02;198,22;198,17;197,67;199,81;248,72;209,87;190,83;193,48;191,35;191,1;191,25;190,98;190,88;190,72;191,43;191,3;191,39;191,6
;ec64c9c06e99;;;24;14.06.2025;Samstag;Juni;2025;4653,12;4,65;191,96;192,18;191,78;192,16;192,15;192;192;191,91;192,21;191,51;191,51;191,74;191,47;191,38;191,62;196,75;196,91;197,25;196,98;197,23;197,28;197,76;197,95;197,43
;ec64c9c06e99;;;24;13.06.2025;Freitag;Juni;2025;7007,96;7,01;201,15;201,13;196,64;192,48;192,68;192,77;234,98;400,87;495,19;628,6;608,78;586,27;618,07;331,68;194,92;193,3;193,38;190,01;192,58;193,09;192,67;192,32;192,32;192,08
;ec64c9c06e99;;;24;12.06.2025;Donnerstag;Juni;2025;6712,97;6,71;191,58;191,57;191,15;191,8;191,58;191,69;232,69;284,49;341,28;425,33;436,4;437,22;371,82;381,87;407,75;428,09;378,67;231,84;198,7;201,84;202,14;201,35;201,05;201,07
;ec64c9c06e99;;;24;11.06.2025;Mittwoch;Juni;2025;7283,97;7,28;192,52;192,61;192,34;192,51;192,54;192,77;234,73;354,55;460,22;539,04;510,09;496,66;440,54;510,52;445,29;427,93;359,32;194,33;193,17;193,17;193,82;192,13;191,59;191,58
;ec64c9c06e99;;;24;10.06.2025;Dienstag;Juni;2025;7258,24;7,26;191,4;191,4;191,9;191,43;191,35;191,57;243,75;325,67;479;530,9;522,8;535,62;386,94;423,51;467,25;442,58;364,61;228,76;194,71;177,34;192,39;192,1;192,57;192,59
;ec64c9c06e99;;;24;09.06.2025;Montag;Juni;2025;4625,62;4,63;196,84;196,82;196,37;196,75;196,71;194,31;192,26;193,13;193,36;189,08;191,73;191,59;191,65;191,89;191,41;191,55;191,42;189,15;191,92;192,04;191,85;191,19;191,32;191,28
;ec64c9c06e99;;;23;08.06.2025;Sonntag;Juni;2025;4640,76;4,64;190,91;190,95;190,82;191,24;191,23;191,44;191,46;191,11;194,06;195,04;195,24;191,61;190,68;190,64;195,1;194,91;195,03;195,2;194,71;195,14;195,22;195,89;196,44;196,69
;ec64c9c06e99;;;23;07.06.2025;Samstag;Juni;2025;4594,41;4,59;191,91;192,13;191,55;191,99;191,95;191,61;191,32;191,24;191,14;190,99;190,93;191,27;191,28;191,54;191,61;191,23;191,38;191,33;191,29;191,32;191,1;191,64;191,4;191,26
;ec64c9c06e99;;;23;06.06.2025;Freitag;Juni;2025;5854,1;5,85;193,12;193,2;192,83;193,09;193,38;193,75;235,97;323,42;323,08;418,93;412,18;428,19;342,92;282,5;198,29;192,5;192,56;192,55;192,36;192,34;192,02;191,68;191,6;191,64
;ec64c9c06e99;;;23;05.06.2025;Donnerstag;Juni;2025;6803,48;6,8;193,19;193,24;192,8;193,21;193,5;193,46;250,51;334,28;436,84;445,79;452,29;468,94;383,1;385,72;411,73;379,25;335,5;196,51;195,43;193,81;193,8;193,59;193,84;193,15
;ec64c9c06e99;;;23;04.06.2025;Mittwoch;Juni;2025;7610,84;7,61;192,09;192,26;191,66;191,94;191,99;192,61;251,27;337,44;532,72;512,92;557,9;534,13;439,55;446,2;444,05;477,36;474,58;284,58;196,36;194,89;194,06;193,8;193,29;193,19
;ec64c9c06e99;;;23;03.06.2025;Dienstag;Juni;2025;7133,16;7,13;210,78;210,76;203,22;194,6;194,59;194,9;249,98;350,87;371,98;465,39;495,97;471,59;416,04;456,64;456,24;420,08;328,58;248,94;219,86;202,01;192,8;192,7;192,42;192,22
;ec64c9c06e99;;;23;02.06.2025;Montag;Juni;2025;7626,8;7,63;190,55;190,54;190,35;190,7;190,54;190,61;244,84;267,15;463,94;471,37;502,12;517,42;491,54;474,19;467,05;526,45;468,99;275,23;212,55;212,22;211,42;210,96;211,25;210,82
;ec64c9c06e99;;;22;01.06.2025;Sonntag;Juni;2025;4558,61;4,56;190,3;190,4;190,24;190,11;190,02;189,98;189,68;190,31;189,71;189,68;189,73;190,19;189,95;190,2;189,73;189,81;189,56;189,62;189,85;189,76;189,67;189,84;189,99;190,28
;ec64c9c06e99;;;22;31.05.2025;Samstag;Mai;2025;4562,58;4,56;189,98;189,97;189,6;189,95;190,6;189,78;189,6;189,7;190,1;190,2;191,2;190,3;190,2;190,1;190,2;190,2;190,4;190,1;189,9;189,8;189,8;190;190,3;190,6
;ec64c9c06e99;;;22;30.05.2025;Freitag;Mai;2025;3994,94;4;189,6;189,85;189,54;189,7;189,64;190,02;190,54;190,88;191,69;191,21;190,98;190,76;191,39;187,81;190,91;191,01;190,66;187,78;190,53;184,12;0;0;6,34;189,98
;ec64c9c06e99;;;22;29.05.2025;Donnerstag;Mai;2025;4569,93;4,57;190,14;190,36;189,84;190,11;190,15;190,47;191,1;190,6;190,81;190,72;190,41;190,82;191,23;190,82;190,74;190,27;190,37;190,29;190,8;190,5;190,2;189,86;189,65;189,67
;ec64c9c06e99;;;22;28.05.2025;Mittwoch;Mai;2025;7046,95;7,05;193,18;192,83;192,49;192,84;193,24;193,51;234,81;308,38;383,65;448,72;384,41;382,78;435,83;508,38;514,97;533,58;406,38;204,39;190,64;190,73;190,66;190,12;190,09;190,34
;ec64c9c06e99;;;22;27.05.2025;Dienstag;Mai;2025;6303,45;6,3;191,28;191,01;190,59;190,87;190,93;191,47;234,95;297,76;350,35;358,94;377,14;305,74;371,46;343,66;354,96;367,81;357,55;278,5;193,58;193,2;193,15;192,67;192,82;193,06
;ec64c9c06e99;;;22;26.05.2025;Montag;Mai;2025;6267,69;6,27;190,83;190,97;190,54;191,14;191,33;191,06;233,81;282,98;299,69;317,99;399,32;384,72;351,2;376,81;383,85;399,7;345,16;199,32;191,45;191,49;191,39;190,93;191,05;190,96
;ec64c9c06e99;;;21;25.05.2025;Sonntag;Mai;2025;4582,64;4,58;191,13;191,55;190,45;190,8;190,82;191,16;190,82;190,85;191,68;190,9;190,75;190,75;191,16;190,83;191,34;190,88;190,77;190,75;190,93;190,97;190,75;190,9;191;190,7
;ec64c9c06e99;;;21;24.05.2025;Samstag;Mai;2025;4584,22;4,58;191,16;191,24;191,19;191,26;191,35;191,06;190,72;190,69;190,84;190,7;191,09;191,78;191,22;190,96;190,86;190,84;191,1;190,81;190,74;190,8;190,8;190,94;190,95;191,12
;ec64c9c06e99;;;21;23.05.2025;Freitag;Mai;2025;5964,4;5,96;201;201,02;200,6;201,01;201;201,53;248,63;316,27;348,77;376,51;412,88;365,54;346,3;334,71;240,44;235,59;192,04;191,79;191,41;191,74;191,59;191,43;191,39;191,21
;ec64c9c06e99;;;21;22.05.2025;Donnerstag;Mai;2025;7471,77;7,47;197,66;197,73;197,22;197,45;196,95;197,68;240,71;318,21;445,68;446,18;441,86;450,96;462,56;436,7;546,08;489,5;497,13;268,57;199,01;188,72;201,56;200,67;201,02;201,27
;ec64c9c06e99;;;21;21.05.2025;Mittwoch;Mai;2025;7398,23;7,4;194,4;195,55;198,83;198,46;198,21;196,26;237,53;322,59;444,81;517,79;414,28;451,8;473,28;497,24;459,36;495,02;470,14;245,38;198,53;198,15;197,7;197,57;197,54;197,81
;ec64c9c06e99;;;21;20.05.2025;Dienstag;Mai;2025;7664,12;7,66;199,87;199,8;200,03;199,8;199,8;200,1;250,91;317,74;486,91;479,55;486,7;509,49;518,1;445,12;498,02;525,04;505,18;273,69;196,06;178,77;194,85;194,11;193,91;194,27
;ec64c9c06e99;;;21;19.05.2025;Montag;Mai;2025;6803,32;6,8;192;191,86;191,37;191,53;191,87;192,21;194,59;268,63;333;420,75;405,27;444,84;421,14;421,42;461,01;455,16;382,24;242,48;200,66;200,39;200,41;200,65;199,83;200,01
;ec64c9c06e99;;;20;18.05.2025;Sonntag;Mai;2025;4592,29;4,59;191,4;191,4;191,08;191,5;191,56;192,28;191,23;191,92;190,92;191,09;191,29;191,6;190,97;190,93;190,86;190,86;190,93;191,12;191,79;191,47;191,35;191,39;191,67;191,68
;ec64c9c06e99;;;20;17.05.2025;Samstag;Mai;2025;4589,7;4,59;191,4;191,9;191,4;192;191,6;191,2;190,8;190,8;191;191,6;191,5;191,4;191,3;191;190,9;191,2;191,4;190,9;190,8;190,8;190,8;191,1;191,5;191,4
;ec64c9c06e99;;;20;16.05.2025;Freitag;Mai;2025;6113,1;6,11;189,97;190,15;189,59;189,98;189,78;190,07;191,12;292,68;401,27;475,9;472,05;500,32;443,78;255,27;212,73;192,56;192,34;192,64;192,01;191,99;192,3;191,6;191,6;191,4
;ec64c9c06e99;;;20;15.05.2025;Donnerstag;Mai;2025;5861,88;5,86;195,84;196,73;194,13;192,62;192,64;192,94;177,73;282,18;390,31;427,83;327,52;325,76;323,34;300,22;334,27;246,31;215,44;190,16;189,78;190,35;190,07;189,84;189,78;189,88
;ec64c9c06e99;;;20;14.05.2025;Mittwoch;Mai;2025;7561,21;7,56;189,77;190,51;189,68;189,92;189,81;190,42;230,53;340,98;421,41;596,48;521,05;460,91;401,19;419,88;489,63;486,81;419,28;319,42;233,34;229,05;214,04;196,03;196,07;195,87
;ec64c9c06e99;;;20;13.05.2025;Dienstag;Mai;2025;7376,18;7,38;192;192,57;191,86;192,17;192,4;192,7;234,53;287,48;419,17;456,68;574,16;569,14;455,47;487,94;561,02;410,8;342,1;245,88;190,34;190,28;190,36;189,55;189,78;189,83
;ec64c9c06e99;;;20;12.05.2025;Montag;Mai;2025;6878,59;6,88;191,14;191,2;190,43;190,84;190,74;191,09;234,63;356,42;366,78;386,03;357,29;449,34;376,24;450,96;479,42;445,18;419,12;253,77;193,75;193,73;193,3;192,7;192,28;192,21
;ec64c9c06e99;;;19;11.05.2025;Sonntag;Mai;2025;4575,67;4,58;190,3;191,2;190,23;190,57;190,57;191,04;190,41;190,28;190,42;190,63;191,1;191,1;190,86;190,64;190,57;190,64;190,51;190,56;190,15;190,83;190,7;190,68;190,81;190,87
;ec64c9c06e99;;;19;10.05.2025;Samstag;Mai;2025;4642,95;4,64;197,43;197,98;197,39;197,23;197,12;197;195,5;195,9;196;196,9;196,8;197;190,6;189,6;190,1;190,1;189,9;189,7;189,8;190,2;189,9;190,1;190,5;190,2
;ec64c9c06e99;;;19;09.05.2025;Freitag;Mai;2025;6537,32;6,54;191,77;192,65;191,44;191,77;191,43;191,98;233,55;316,54;461,6;538,92;546,68;538,4;516,86;252,57;211,15;197,37;196,87;183,85;196,88;197,86;197,29;196,77;193,11;196,84
;ec64c9c06e99;;;19;08.05.2025;Donnerstag;Mai;2025;7026,32;7,03;190,74;191,27;190,15;190,13;189,99;190,56;233,61;308,49;416,88;376,15;419,5;509,25;452,13;446,52;445,99;493;390,69;237,56;192,44;192,28;192,45;192,17;192,1;192,27
;ec64c9c06e99;;;19;07.05.2025;Mittwoch;Mai;2025;7140,73;7,14;194,65;195,43;194,34;194,39;194,23;194,39;231,49;349,19;413,41;418,08;459,92;444,74;436,63;414,72;402,86;452,24;437,79;345,44;213,77;190,67;190,41;190,7;190,37;190,87
;ec64c9c06e99;;;19;06.05.2025;Dienstag;Mai;2025;8419,9;8,42;189,87;190,6;189,6;189,86;189,84;190,31;232,83;330,71;492,64;603,74;618,73;657,98;566,54;597,51;582,8;568,21;517,78;337,03;196,8;196,07;195,58;194,91;194,91;195,05
;ec64c9c06e99;;;19;05.05.2025;Montag;Mai;2025;7782,62;7,78;187,51;188,2;187,11;187,23;187,56;187,79;231,85;321,84;464,51;571,04;616,09;590,06;481,92;440,32;513,93;511,81;515,9;255,41;175,18;190,84;190,6;189,83;189,97;190,17
;ec64c9c06e99;;;18;04.05.2025;Sonntag;Mai;2025;4490,91;4,49;187,7;188,4;187,56;188,09;187,94;187,74;186,81;186,65;187,5;186,62;186,63;187,13;187,38;186,85;186,59;186,6;186,66;186,83;186,72;186,64;186,72;186,96;186,97;187,22
;ec64c9c06e99;;;18;03.05.2025;Samstag;Mai;2025;4504,11;4,5;188,49;189,81;188,72;188,7;188,59;187,9;186,8;187;187,3;188;187,7;187,2;187,2;187,2;187,1;187,4;187,2;187,2;187;187,1;187,5;187,6;187,6;187,8
;ec64c9c06e99;;;18;02.05.2025;Freitag;Mai;2025;4540,81;4,54;188,8;189,35;188,21;188,35;188,24;188,67;189,42;191,34;191,18;190,03;189,64;190,13;189,86;189,91;189,4;189,33;188,85;188,58;188,51;188,84;189;188,39;188,4;188,38
;ec64c9c06e99;;;18;01.05.2025;Donnerstag;Mai;2025;4529,38;4,53;187,22;188,67;188,62;188,16;188,31;188,76;189,11;190,23;190,54;188,96;188,97;189,18;189,34;189;189;188,99;185,8;188,74;189,2;188,43;188,69;188,29;188,3;188,87
;ec64c9c06e99;;;18;30.04.2025;Mittwoch;April;2025;7154,62;7,16;189,7;190,27;189,29;189,35;189,24;189,68;238,03;326,5;519;516,13;508,32;512,92;435,72;429,35;504,27;489,97;219,21;189,18;189,06;188,8;188,01;187,66;187,53;187,43
;ec64c9c06e99;;;18;29.04.2025;Dienstag;April;2025;6794,3;6,79;188,4;188,93;188,21;188,44;188,64;189,19;231,59;315,78;430,93;375,71;350,49;477,01;449,28;453,95;412,4;383;414,88;223,61;192,09;191,07;191,05;190,13;189,72;189,8
;ec64c9c06e99;;;18;28.04.2025;Montag;April;2025;7139,76;7,14;186,69;187,25;186,38;186,5;186,41;187,19;232,12;299,72;436,51;522,81;568,6;498,77;431,1;431,08;445,11;470,21;362,12;190,07;189,05;188,95;188,55;188,03;188,09;188,45
;ec64c9c06e99;;;17;27.04.2025;Sonntag;April;2025;4549,91;4,55;193,21;193,81;192,99;193,27;193,24;193,34;192,81;192,94;190,69;187,76;187,76;188,3;187,85;187,8;187,83;187,71;187,69;188,26;187,62;187,71;187,43;187,33;186,4;186,16
;ec64c9c06e99;;;17;26.04.2025;Samstag;April;2025;4636,72;4,64;193,14;193,2;193,12;193,22;193,57;193,19;192,93;192,71;192,8;193,21;193,07;193,21;193,21;193,26;193,19;193,21;193,73;193,22;193,09;193,14;193,19;193,16;193,38;193,57
;ec64c9c06e99;;;17;25.04.2025;Freitag;April;2025;5980,42;5,98;188,45;187,99;187,52;187,68;187,59;188,05;234,54;317,84;450,28;463,89;422,41;443,5;394,31;243,35;185,83;189,6;189,89;188,34;187,96;188,33;188,38;187,9;187,51;189,28
;ec64c9c06e99;;;17;24.04.2025;Donnerstag;April;2025;5990,99;5,99;188,18;188,13;187,82;187,88;187,83;187,99;230,44;246,4;394,5;372,59;357,91;386,37;241,68;315,46;329,4;313,57;314,09;214,76;186,1;185,67;188,84;188,67;187,4;187,96
;ec64c9c06e99;;;17;23.04.2025;Mittwoch;April;2025;6771,97;6,77;196,2;196,17;195,87;196,23;196,34;196,69;238,3;291,7;371,96;479,28;475,24;455,23;429,54;404,3;396,56;358,3;343,37;224,22;188,68;185,59;188,39;187,91;187,79;188,11
;ec64c9c06e99;;;17;22.04.2025;Dienstag;April;2025;7796,48;7,8;195,82;196,31;195,57;195,72;196,01;196,24;234,51;371,92;490,69;523,81;562,6;548,74;467,17;496,22;547,02;435,71;453,52;260,99;198,48;197,56;196,68;196,41;195,91;196,12
;ec64c9c06e99;;;17;21.04.2025;Montag;April;2025;4701,28;4,7;196,91;197,77;196,56;196,81;196,83;194,23;192,48;190,38;194,1;195,26;197,42;197,19;196,91;196,81;196,91;196,88;196,76;194,13;196,22;196,2;196,83;196,15;195,71;195,83
;ec64c9c06e99;;;16;20.04.2025;Sonntag;April;2025;4691,63;4,69;191,23;191,46;191,2;191,78;191,91;192,44;196,73;197,85;197,49;196,57;196,67;196,71;196,84;196,7;196,82;196,54;196,77;197,03;196,34;196,1;196,42;196,55;196,7;196,78
;ec64c9c06e99;;;16;19.04.2025;Samstag;April;2025;4605,38;4,61;192,42;191,96;191,5;191,71;192,16;192,35;192,07;191,13;191,67;192,01;192,39;191,48;192,41;191,17;191,91;191,8;191,91;192,56;191,9;191,83;191,09;191,68;192,23;192,04
;ec64c9c06e99;;;16;18.04.2025;Freitag;April;2025;4629,23;4,63;192,24;192,83;191,92;192,44;192,59;192,89;193,1;194,69;194,52;193;192,93;193,06;193,67;192,96;192,82;192,7;193,15;193,67;192,84;192,45;192,69;192,4;191,44;192,23
;ec64c9c06e99;;;16;17.04.2025;Donnerstag;April;2025;6354,02;6,35;190,65;191,33;190,65;190,41;190,45;190,88;241,86;313,93;364,02;398,17;410,64;379,87;350,33;359,45;404,24;366,09;245,07;221,73;192,57;192,67;192,93;192,19;191,53;192,36
;ec64c9c06e99;;;16;16.04.2025;Mittwoch;April;2025;7650,38;7,65;200,94;201,68;201,11;201,12;201,03;198,5;242,99;411,36;505,9;465,23;690,92;615,79;439,51;411,83;439,98;503,3;379,09;192,98;191,96;191,03;191,35;190,98;190,92;190,88
;ec64c9c06e99;;;16;15.04.2025;Dienstag;April;2025;7214,09;7,21;200,39;201,23;200,98;200,64;200,45;200,76;253,32;467,1;457,49;476,79;500,88;450;368,77;357,65;426,42;412;380,36;271,73;196,89;196,2;196,15;195,86;200,48;201,55
;ec64c9c06e99;;;16;14.04.2025;Montag;April;2025;7959,85;7,96;195,06;196,05;194,83;195;195;195,69;263,28;420,19;544,3;557,82;554,63;564,46;443,95;483,49;557,01;535,08;408,59;237,22;201,96;201,02;201;204,48;206,21;203,53
;ec64c9c06e99;;;15;13.04.2025;Sonntag;April;2025;4684,67;4,68;195,46;195,5;194,94;195,06;195,33;195,27;195;195,65;195,54;194,95;194,87;195,23;195,37;195,28;195,14;195,05;194,93;195,34;195,22;194,97;195,35;195,26;195;194,96
;ec64c9c06e99;;;15;12.04.2025;Samstag;April;2025;4695,79;4,7;195,14;196,03;196,09;195,44;195,19;195,13;195,05;195,14;195,2;195,33;195,06;197,47;200,77;196,81;195,02;195,34;195,52;194,99;194,99;195,11;195,45;194,99;195,28;195,25
;ec64c9c06e99;;;15;11.04.2025;Freitag;April;2025;7104,42;7,1;198,06;199,07;199,11;199,08;199,2;199,47;245,68;363,8;530,08;537,51;535;532,63;538,06;461,6;341,18;224,57;213,58;211,91;196,2;196,58;196,06;195,29;195,23;195,47
;ec64c9c06e99;;;15;10.04.2025;Donnerstag;April;2025;6919,45;6,92;193,6;194,19;193,26;193,32;193,57;193,71;244,42;305,05;382,15;401,7;452,78;462,85;405,75;407,25;436,15;451,54;348,45;225,26;207,42;207,24;206,41;205,75;205,52;202,11
;ec64c9c06e99;;;15;09.04.2025;Mittwoch;April;2025;6973,14;6,97;200,06;200,24;199,42;199,29;199,94;200,33;244,65;396,08;409,72;502,66;473,36;460,66;440,74;358,47;367,16;378,37;322,52;247,51;202,06;194,62;194,28;193,78;193,53;193,69
;ec64c9c06e99;;;15;08.04.2025;Dienstag;April;2025;7094,09;7,09;193,05;193,12;192,62;192,9;192,86;193,47;247,26;369,06;445,84;453,47;495,12;467,47;418,92;359,78;433,91;391,17;336,67;243,91;202,88;207,18;207,17;206,43;206,11;207,66
;ec64c9c06e99;;;15;07.04.2025;Montag;April;2025;6740,61;6,74;197,02;196,47;195,83;196,43;196,49;196,85;236,49;290,84;347,65;453,59;453,92;454,79;396,36;354,08;413,42;425,38;325,45;225,88;193,7;193,07;193,83;193,66;193,69;192,94
;ec64c9c06e99;;;14;06.04.2025;Sonntag;April;2025;4716,02;4,72;196,8;196;195,43;196,59;196,93;196,34;196,39;196,6;197,17;197,03;196,73;196,65;196,7;196,46;196,52;196,65;196,52;195,82;196,19;196,45;196,59;196,82;196,77;195,87
;ec64c9c06e99;;;14;05.04.2025;Samstag;April;2025;4714,91;4,71;196,81;196,46;196,15;196,38;196,51;196,7;196;197,1;196,4;196,5;196,1;196,6;196,6;196,8;196,7;196,3;195,7;196,2;196,7;195,8;196,6;196,8;196,7;196,3
;ec64c9c06e99;;;14;04.04.2025;Freitag;April;2025;6449,11;6,45;197,8;198,19;198,02;198,49;198,54;199,17;243,97;287,17;446,57;510,18;496,99;474,02;451,95;309,25;266,34;195,45;197,89;197,05;196,97;197,47;197,76;196,24;196,87;196,76
;ec64c9c06e99;;;14;03.04.2025;Donnerstag;April;2025;7133,43;7,13;194,39;194,94;194,19;194,4;194,33;194,74;241,22;300,25;440,98;513,26;555,25;498,24;407,57;376,33;415,77;417,84;318,19;207,29;199,42;199,28;198,86;198,28;198,6;198,9
;ec64c9c06e99;;;14;02.04.2025;Mittwoch;April;2025;6835,69;6,84;195,95;195,56;195,32;195,68;195,56;195,92;243,45;351,68;456,1;499,4;480,66;511,62;383,16;316,66;352,43;350,51;331,83;215,48;194,97;194,95;195,02;194,7;194,35;194,73
;ec64c9c06e99;;;14;01.04.2025;Dienstag;April;2025;8077,97;8,08;195,07;195,11;194,8;195,01;194,97;195,33;276,26;520,93;560,38;513,43;550,85;490,38;556,39;478,39;407,53;578,07;501,08;252,31;196,45;196,08;196,26;195,83;195,57;195,58
;ec64c9c06e99;;;14;31.03.2025;Montag;März;2025;7326,86;7,33;195,54;195,72;195,59;195,75;196,06;195,93;289,86;404,21;428,87;496,24;507,22;443,16;434,86;424,77;494,22;435,67;344,04;248,76;222,21;196,07;195,75;195,23;195,44;195,69
;ec64c9c06e99;;;13;30.03.2025;Sonntag;März;2025;4571,25;4,57;201;200,64;0;201,23;201,11;201,23;201,74;200,94;201,13;201,05;201,53;201,05;201,28;201,04;198,01;195,2;195,15;195,12;195,16;195,37;195,53;195,57;195,56;195,61
;ec64c9c06e99;;;13;29.03.2025;Samstag;März;2025;4765,4;4,76;195,7;195,4;195,9;195,8;195,7;195,6;195,6;195,5;197,8;199,3;199,6;199,4;199,5;199,5;199,8;200,2;200,1;200,3;200,4;200,4;200,5;200,5;201,8;201,1
;ec64c9c06e99;;;13;28.03.2025;Freitag;März;2025;6949,82;6,95;204,22;204,07;204,41;204,24;204,25;204,83;250,36;425,09;556,24;488,03;674,15;578,23;503,55;258,4;217,75;205,2;196,72;194,15;196,26;196,57;196,2;195,7;195,6;195,6
;ec64c9c06e99;;;13;27.03.2025;Donnerstag;März;2025;8072,01;8,07;207,9;207,75;208,02;208,15;207,67;207,95;264,59;372,69;542,09;536,5;552,38;605,33;496,41;503,21;523,49;576,35;369,2;212,53;212,72;214,15;212,18;212,01;210,85;207,89
;ec64c9c06e99;;;13;26.03.2025;Mittwoch;März;2025;7800,33;7,8;203,96;204,88;204,27;204,06;203,66;204,32;289,76;410,43;505,46;532,42;556,25;448,28;554,58;501,6;432,82;403,48;332,54;314,53;250,73;208,55;208,73;208,24;208,26;208,52
;ec64c9c06e99;;;13;25.03.2025;Dienstag;März;2025;9797,43;9,8;232,12;232,41;232,43;232,1;232,08;232,47;282,19;505,98;586,51;700,34;725,04;761,24;653,77;565,67;851,58;681,77;496,39;300,72;257,6;217,76;204,65;204,21;204,05;204,35
;ec64c9c06e99;;;13;24.03.2025;Montag;März;2025;9312,23;9,31;229,36;228,82;229,2;229,2;229,21;229,67;344,91;480,93;603,86;601,47;563,88;575,27;601,54;592,48;631,42;643,36;527,85;362,42;244,73;233,19;232,81;232,34;232,04;232,27
;ec64c9c06e99;;;12;23.03.2025;Sonntag;März;2025;5504,54;5,5;229,4;229,67;229,59;229,97;229,16;229,91;229,29;229,16;229,62;229,54;229,48;229,1;229,17;229,16;229,12;229,11;229,53;229,26;229,01;229,19;229,2;229,21;229,14;229,55
;ec64c9c06e99;;;12;22.03.2025;Samstag;März;2025;5488,8;5,49;225,8;225,2;224,6;224,9;224,7;224,4;231,1;230,6;230,5;230,5;230,8;230,2;229,7;230,5;230;230;229,4;229,3;229,5;229,3;230;229,3;229,3;229,2
;ec64c9c06e99;;;12;21.03.2025;Freitag;März;2025;7451,13;7,45;223,79;223,5;223,8;223,8;223,93;224,31;280,37;446,03;566,24;614,46;517,77;567,31;489,64;321,32;272,63;226,52;226,58;226,41;225,5;225,72;226,2;225,3;224,9;225,1
;ec64c9c06e99;;;12;20.03.2025;Donnerstag;März;2025;8111,51;8,11;225,53;225,9;225,56;225,54;225,69;225,97;289,69;451,21;494,75;542,86;508,93;556,11;457,93;456,24;536,77;468,83;389,44;258,35;224,65;225,01;224,47;224,15;224,09;223,84
;ec64c9c06e99;;;12;19.03.2025;Mittwoch;März;2025;10106,72;10,11;224,32;224,6;224,34;224,96;224,34;224,63;319,15;519,15;745,52;795,15;766,46;744,76;635,45;651,47;648,63;664,77;532,33;381,41;225,71;226,1;226,21;225,86;225,78;225,62
;ec64c9c06e99;;;12;18.03.2025;Dienstag;März;2025;8914,03;8,91;233,51;233,08;233,05;233,21;233,4;234,21;251,72;483,06;642,27;685,8;625,71;581,37;556,01;532,38;555,78;493,35;476,29;250,62;207,54;225,67;225,65;224,57;224,16;224,2
;ec64c9c06e99;;;12;17.03.2025;Montag;März;2025;9348,87;9,35;237,21;237,76;237,32;237,29;237,23;237,85;327,71;563,75;691,54;623,3;599,46;555,48;605,25;586,47;621,1;555,93;414,96;373,02;237,37;234,59;234,01;233,28;233,5;233,49
;ec64c9c06e99;;;11;16.03.2025;Sonntag;März;2025;5695,57;5,7;237,3;238,16;237,12;237,41;237,29;237,17;237,05;236,95;238,02;237,33;237,43;237,55;237,24;237,32;237,53;237,46;237,14;237,05;236,97;237,01;236,96;237,19;237,66;237,26
;ec64c9c06e99;;;11;15.03.2025;Samstag;März;2025;5696,4;5,7;237,8;238;237,7;238,1;238,3;238;237,3;237;237,2;237,7;238;237,4;237,4;236,9;236,8;237,1;237,3;236,7;236,7;237;236,9;236,9;236,9;237,3
;ec64c9c06e99;;;11;14.03.2025;Freitag;März;2025;8282,67;8,28;232,66;232,38;232,35;232,92;232,98;233,42;325,58;504,52;668,91;688,02;634,61;626,34;643,01;414,94;239,89;239,86;233,24;238,33;238,28;238,43;238,5;238,2;237,5;237,8
;ec64c9c06e99;;;11;13.03.2025;Donnerstag;März;2025;8097,5;8,1;227,97;227,77;227,2;227,14;227,33;227,54;231,82;338,54;513,28;491,78;449,02;583,77;489,29;504;553,94;491,58;426,34;256,34;234,86;233,95;233,85;233,45;233,13;233,61
;ec64c9c06e99;;;11;12.03.2025;Mittwoch;März;2025;8982,47;8,98;227,88;227,38;227,38;227,02;227,39;227,33;309,41;448,58;644,31;612,52;720,95;653,75;538,43;489,25;541,59;470,86;448,36;365,18;235,48;227,97;227,95;227,96;227,48;228,06
;ec64c9c06e99;;;11;11.03.2025;Dienstag;März;2025;8780,77;8,78;230,84;231,14;231,83;230,7;230,44;231,34;257,88;380,9;584,13;674,04;587,68;448,48;578,42;508;567,49;540,93;531,84;365,36;229,14;228,4;228,16;228,16;227,83;227,64
;ec64c9c06e99;;;11;10.03.2025;Montag;März;2025;8154,51;8,15;226,45;226,03;225,78;226,01;226,38;226,17;265,23;427,76;523,4;586,97;493,5;545,89;507,75;480,1;487,32;450,17;408,7;233,1;231,67;231,29;231,39;230,93;231,24;231,28
;ec64c9c06e99;;;10;09.03.2025;Sonntag;März;2025;5436,58;5,44;227,8;226,92;227,95;227,47;226,25;226,43;226,15;226,17;226,22;226,38;227,33;226,9;226,29;226,44;227,09;226,23;226,18;226,45;226,14;225,92;225,64;226,34;226,13;225,76
;ec64c9c06e99;;;10;08.03.2025;Samstag;März;2025;5451,5;5,45;226,9;226,8;227,4;227;227,3;227,1;227;226,7;227;226,8;227,5;227,5;226,6;227,5;227,1;227,5;227,4;227,1;227,2;226,5;227,1;227,4;227,5;227,6
;ec64c9c06e99;;;10;07.03.2025;Freitag;März;2025;7308,55;7,31;229,75;229,4;229,92;229,23;229,45;229,51;279,69;380,47;569,95;573,3;535,04;556,46;484,5;234,82;229,89;228,91;229,02;228,24;224,64;227,69;228,3;227,6;227;227,4
;ec64c9c06e99;;;10;06.03.2025;Donnerstag;März;2025;9152,44;9,15;237,41;236,74;237,22;237,12;236,95;237,8;378,73;542,95;528,07;531,4;570,54;604,37;669,79;549,82;612,14;590,47;452,19;269,38;230,74;229,97;230,1;229,56;229,55;229,36
;ec64c9c06e99;;;10;05.03.2025;Mittwoch;März;2025;8893,94;8,89;230,3;229,9;230,51;230,45;230,14;230,93;337,85;343,24;536,31;601,49;586,81;567,74;652,94;525,13;543,77;559,93;460,54;334,77;272,19;238,4;237,78;237,73;237,76;237,33
;ec64c9c06e99;;;10;04.03.2025;Dienstag;März;2025;9196,67;9,2;230,75;230,23;230,01;230,12;229,92;230,19;309,57;442,54;593,21;696,38;639,72;638,45;556,94;509,35;553,75;471,54;460,81;454,08;290,06;231,37;231,19;230,63;230,14;230,59
;ec64c9c06e99;;;10;03.03.2025;Montag;März;2025;9737,73;9,74;231,1;231,13;231,48;230,63;231,98;231,75;268,41;458,29;655,69;742,75;703,45;612,45;714,73;663,72;622,72;611,23;567,98;331,4;226,03;231,25;231,33;230,76;230,66;230,55
;ec64c9c06e99;;;9;02.03.2025;Sonntag;März;2025;5537,71;5,54;231;230,35;230,94;230,98;231,05;231,37;230,89;230,4;230,72;230,4;230,28;230,85;230,64;229,84;230,11;230,58;230,43;230,48;231,07;231,48;231,11;230,59;230,95;231,2
;ec64c9c06e99;;;9;01.03.2025;Samstag;März;2025;5544,3;5,54;231,3;231,4;231;231,5;231,5;231;231,3;231,3;233,9;231,1;230,7;230,4;230,3;230,2;230,1;230,9;230;230,2;231,2;231;230,7;231;231,3;231
;ec64c9c06e99;;;9;28.02.2025;Freitag;Februar;2025;9901;9,9;232,5;233;233;231,6;232;232,6;252,3;404,7;2681,6;747,2;514,6;585;567;305,8;290,5;285,5;246,4;233,1;233,2;232,8;232,3;232;231,3;231
;ec64c9c06e99;;;9;27.02.2025;Donnerstag;Februar;2025;9491;9,49;230,6;230,2;230,5;230,2;230,4;230,4;258,3;455,9;666,9;823,7;537,3;538,7;713,6;622,6;699,1;643,6;467,1;284,1;234,5;233,2;233;232,2;232,5;232,4
;ec64c9c06e99;;;9;26.02.2025;Mittwoch;Februar;2025;9576,8;9,58;234,6;233,5;233,5;233,7;233,5;233,7;281,3;407,6;633,7;729,3;743,8;719,2;710,6;551;608,4;646,2;434,8;284,5;260,2;240,6;231,4;230,3;230,7;230,7
;ec64c9c06e99;;;9;25.02.2025;Dienstag;Februar;2025;9780,8;9,78;238,2;237,6;237,6;236,4;236,6;237,4;339,2;541,6;682;682,5;663,3;675,7;631;659,1;622,7;642,8;500,1;310;236;235,5;234,6;233,5;233,8;233,6
;ec64c9c06e99;;;9;24.02.2025;Montag;Februar;2025;10780,37;10,78;232,26;231,86;233,17;233,04;232,51;233,36;290,83;472,74;647,1;830,5;874,3;797,2;776,6;677,7;759,2;725,6;626,2;425,2;288,3;239,1;238,3;238,9;238,4;238
;ec64c9c06e99;;;8;23.02.2025;Sonntag;Februar;2025;5571,57;5,57;232,2;231,82;232,05;232,3;231,98;232,23;232,12;232,01;231,95;231,81;232,13;231,87;231,94;232,3;231,94;232,11;232,48;231,49;232;232,71;232,3;232,71;232,86;232,26
;ec64c9c06e99;;;8;22.02.2025;Samstag;Februar;2025;5602,3;5,6;237,3;237,5;238;237,4;237,4;237,3;232,4;232,6;232,1;233;232,4;231,6;231,7;231,6;231,6;232,1;232,7;231,7;232;231,7;232,1;232;231,8;232,3
;ec64c9c06e99;;;8;21.02.2025;Freitag;Februar;2025;5925,45;5,92;237,35;237,13;237,34;237,06;237,64;238,74;238,81;240,75;240,34;270,93;293,33;300,51;269,77;239,58;238,65;239,06;238,88;265,04;238,64;234,7;238,5;238;237,1;237,6
;ec64c9c06e99;;;8;20.02.2025;Donnerstag;Februar;2025;9452,03;9,45;233,1;233,08;233,17;235,53;239,07;239,26;293,23;471,47;749,83;658,8;686,6;641,61;669,06;501,01;502,03;521,99;502,52;346,65;291,71;250,28;238,46;237,52;238,34;237,71
;ec64c9c06e99;;;8;19.02.2025;Mittwoch;Februar;2025;8430,02;8,43;244,43;244,23;244,3;243,76;243,8;244,32;238,46;437,91;538,72;565,87;420,92;432,36;500,85;507,98;632,32;595,25;420,27;254,68;234,19;230,93;233,87;233,22;233,44;233,36
;ec64c9c06e99;;;8;18.02.2025;Dienstag;Februar;2025;11568,57;11,57;244,68;244,81;244,45;244,51;244,81;245,26;335,06;428,45;802,19;813,11;930,86;939,17;879,7;770,66;852,92;751,68;548,35;423,35;347,99;296,74;245,43;244,78;244,48;245,13
;ec64c9c06e99;;;8;17.02.2025;Montag;Februar;2025;10375,25;10,38;242,9;242,89;243,17;243,22;243,13;243,39;281,22;525,46;662;783,11;791,4;905,37;691,96;633,48;731,2;600,86;489,18;311,79;281,1;246,69;246,01;245,76;244,98;244,98
;ec64c9c06e99;;;7;16.02.2025;Sonntag;Februar;2025;5834,21;5,83;243;243,01;243,83;242,9;242,94;243,46;243,22;243,08;243,04;242,62;242,56;242,69;245,88;242,93;243,14;242,77;242,6;242,66;242,74;242,98;243,13;243,1;242,87;243,06
;ec64c9c06e99;;;7;15.02.2025;Samstag;Februar;2025;5829,6;5,83;242,7;243;243,7;242,7;243,1;243;242,4;243,4;243,1;243,1;242,8;243,1;242,3;242,7;242,7;242,4;243,1;242,8;242,8;242,9;242,8;242,5;243,1;243,4
;ec64c9c06e99;;;7;14.02.2025;Freitag;Februar;2025;8546,7;8,55;258,4;257,5;252,1;245;244,6;245;344,1;504,5;628;675,8;733,9;692,6;598,5;390,6;279,9;244,7;244,6;244,3;244;245,1;244,4;243,3;242,9;242,9
;ec64c9c06e99;;;7;13.02.2025;Donnerstag;Februar;2025;11796,9;11,8;257,8;257,9;253,9;249,8;249,4;249,8;349,7;603,5;802,8;990,5;840,9;814,9;774,9;661,4;830,3;861,1;695,7;492,9;268,8;259,1;259;257,8;257,7;257,3
;ec64c9c06e99;;;7;12.02.2025;Mittwoch;Februar;2025;11201,9;11,2;254,3;254,8;247,5;240,2;240,8;241,6;322,1;508,1;787;765,1;857;937,5;821,6;732,4;667,6;708,9;644,2;397,4;284,1;258,8;258;257,8;257,7;257,4
;ec64c9c06e99;;;7;11.02.2025;Dienstag;Februar;2025;12136,6;12,14;249,4;246,4;246,8;246,3;246,2;246,6;343,7;486;821,2;1047,6;790,5;1014;825,9;840,3;877,2;850,9;696,1;490,6;299,8;254,9;254,9;253,6;254,2;253,5
;ec64c9c06e99;;;7;10.02.2025;Montag;Februar;2025;11156,4;11,16;239,3;239,4;239,1;239,3;239;239,5;354,4;626,8;756,5;839;908,2;877,4;808,5;786,4;728,2;637,9;535,7;375,6;248,6;248,5;248,1;247;246,8;247,2
;ec64c9c06e99;;;6;09.02.2025;Sonntag;Februar;2025;5737,6;5,74;239,3;239,3;239,3;239,1;239,7;239,6;239,5;239,2;238,7;238,7;238,8;239;238,6;239,3;238,8;238,2;238,4;238,6;239,4;239,7;239,3;238,9;239,5;238,7
;ec64c9c06e99;;;6;08.02.2025;Samstag;Februar;2025;5738,9;5,74;239,7;239,5;239,8;239,9;239,2;239,7;239,8;239,1;239,6;238,5;238,7;238,5;238,4;238,4;238,7;238,9;238,5;239,1;239,3;238,9;239,2;238,9;239,3;239,3
;ec64c9c06e99;;;6;07.02.2025;Freitag;Februar;2025;8927,9;8,93;240,4;240,3;240,1;240,1;240,2;240,6;311,3;527,6;707;737;728,4;726,6;657,4;451,5;306,9;299,2;298,3;295,3;240,7;240,7;240,1;239,8;239,2;239,2
;ec64c9c06e99;;;6;06.02.2025;Donnerstag;Februar;2025;10706,2;10,71;240;239,7;239,5;239,6;239,6;239,5;340,9;541,5;744,1;893,2;886,5;818,3;745,8;709,6;748;627;487,8;280,8;241,5;240,9;241;240,3;240,8;240,3
;ec64c9c06e99;;;6;05.02.2025;Mittwoch;Februar;2025;9717;9,72;242,6;242,4;242,7;242,7;242,3;242,7;293,2;418,7;673,6;720,2;694,5;665,3;572;630,2;695,6;608,7;496,3;327,2;264,7;241,2;240,7;240,1;239,7;239,7
;ec64c9c06e99;;;6;04.02.2025;Dienstag;Februar;2025;10386,5;10,39;243,1;242,1;242,5;242,4;242;243,1;292,2;413;637,1;710,4;749,2;745,9;642,1;700;690,7;736,7;672,5;426,9;300,1;243,3;243,4;242,8;242,5;242,5
;ec64c9c06e99;;;6;03.02.2025;Montag;Februar;2025;10922,5;10,92;236,2;235,9;236,5;236,9;235,9;237;326;507;735;791,9;774,1;801;682;779,4;743,4;828;655,1;396,8;267,9;243,6;243,6;243,3;243,1;242,9
;ec64c9c06e99;;;5;02.02.2025;Sonntag;Februar;2025;5741,4;5,74;242,8;242,3;242,3;242,4;242,2;242,3;242,6;242,9;241,9;242,2;242,3;238,5;237;237;236,4;236,3;236,1;236;236,1;236,4;236,7;236,3;236;236,4
;ec64c9c06e99;;;5;01.02.2025;Samstag;Februar;2025;5705,5;5,71;237;237,2;236,8;237,4;236,7;236,5;236,3;236,3;236,5;236,5;236,7;236,4;236,6;236,8;236,1;236,9;236,7;236,5;236,6;239,4;241,7;242,4;242,9;242,6
;ec64c9c06e99;;;5;31.01.2025;Freitag;Januar;2025;7846,8;7,85;234,7;234,7;235;235,2;235,2;235,8;283,2;447;529,4;572,6;618,4;608,3;554,4;349,5;322,6;243,4;239,9;239;239,1;238,6;238,8;237,8;237,4;236,8
;ec64c9c06e99;;;5;30.01.2025;Donnerstag;Januar;2025;9350,4;9,35;238;238,2;237,9;237,9;237,6;238;270,5;373,6;648,1;794,4;770,9;755,6;646,7;631,6;453,6;434,6;397,9;328,1;237,1;236,9;236,6;235,8;235,5;235,3
;ec64c9c06e99;;;5;29.01.2025;Mittwoch;Januar;2025;10132,2;10,13;236,8;236,7;236,5;236,4;236,2;236,2;284,5;425,5;705,1;796,2;804,4;676,7;690,1;667,2;639,4;694,5;484,7;354,1;295;241,7;239;238,5;238,2;238,6
;ec64c9c06e99;;;5;28.01.2025;Dienstag;Januar;2025;10139,4;10,14;249,8;249,9;249,6;249,6;249,7;246,9;326,1;550,8;613,6;739,5;743,1;751,8;657;711,1;680,5;643,2;470,2;328;243,3;237,9;237,4;236,7;237,1;236,6
;ec64c9c06e99;;;5;27.01.2025;Montag;Januar;2025;11562;11,56;251,2;251,2;251,5;250,8;251,4;248,6;368,4;633,1;829,7;881,9;882,6;874,8;880,2;744,4;763,8;673,4;517,6;407,6;350,7;254,3;245,4;249,8;250,1;249,5
;ec64c9c06e99;;;4;26.01.2025;Sonntag;Januar;2025;5939,4;5,94;245,6;245,4;245,7;245,8;245,6;245,5;245,2;245,4;245,1;244,7;245,1;244,4;245,2;244,7;246,8;250,4;250,8;251;251,1;251,1;251,4;251,2;250,9;251,3
;ec64c9c06e99;;;4;25.01.2025;Samstag;Januar;2025;5896,3;5,9;245,9;245,6;246;245,8;245,5;245,7;246,1;245,6;245,5;245,7;245,4;245,7;245,3;246,1;245,1;245,7;245,9;245,9;245,9;245,5;245,8;245,5;245,3;245,8
;ec64c9c06e99;;;4;24.01.2025;Freitag;Januar;2025;8150,3;8,15;251,6;251,1;251,1;251,1;251,4;252;307;416,2;590,6;675,2;566,6;555,2;601,8;407,2;292;256,1;248,1;247,1;247,1;247,3;246,5;246,3;245,7;246
;ec64c9c06e99;;;4;23.01.2025;Donnerstag;Januar;2025;11157,1;11,16;256,9;257,1;257,1;255;251,6;251,7;326,1;493,3;755,5;957,5;752,9;834,8;772,8;720,7;841,6;693,2;589,4;360,3;271,1;252,4;251,9;251,3;251,7;251,2
;ec64c9c06e99;;;4;22.01.2025;Mittwoch;Januar;2025;11274,7;11,28;258,2;257;257,5;257,5;256,9;257,6;338,3;460,9;776,9;915,5;837,4;915,4;732,5;706,1;722,7;738,3;605,9;360,5;314,7;275,8;257,7;257;256,8;257,6
;ec64c9c06e99;;;4;21.01.2025;Dienstag;Januar;2025;10868,8;10,87;254,5;259,5;260,5;260,5;260,1;260,7;343,4;502,9;693,2;710,8;703,8;779,5;786,3;680,2;707;710,6;691,6;412,5;298,9;259,1;258,9;258,4;258;257,9
;ec64c9c06e99;;;4;20.01.2025;Montag;Januar;2025;11721,4;11,72;233;232,4;233,6;233;232,5;233,4;378,3;603,2;859,9;1008,4;912,6;873,5;904,4;744,5;763,3;819,4;542,4;374;265,4;255,4;254,8;254,2;254,8;255
;ec64c9c06e99;;;3;19.01.2025;Sonntag;Januar;2025;5595,6;5,6;234,1;233,4;233,9;233,6;233,5;234,5;233,4;233,7;233,5;233,3;233,2;233;233,5;233,2;232,2;232,3;232,5;232,2;232,5;233,4;232,7;233;232,5;232,5
;ec64c9c06e99;;;3;18.01.2025;Samstag;Januar;2025;5581,4;5,58;237;234;233,7;233,4;233,3;233,3;232,9;233,5;233,9;233,1;233,1;232,7;232,9;232,9;229,9;230,2;229,6;231,2;233,7;233,4;230,3;230,2;230,7;232,5
;ec64c9c06e99;;;3;17.01.2025;Freitag;Januar;2025;9121,9;9,12;240,4;239,5;239,3;239,3;239,7;239,4;314,6;499,2;642,6;773,5;767,7;668,1;736,1;493,3;302,3;301;300,9;301;301,8;301;264;239,3;238,8;239,1
;ec64c9c06e99;;;3;16.01.2025;Donnerstag;Januar;2025;10855,8;10,86;266,6;266,5;257,9;248,4;248,4;248,9;283,7;536,7;738,5;793,6;776,6;794;770,5;654,4;683,2;681,4;617,4;366,7;300,4;301,7;295,6;246;239,4;239,3
;ec64c9c06e99;;;3;15.01.2025;Mittwoch;Januar;2025;10989,17;10,99;247,45;245,53;246,01;245,43;245,16;245,53;322,12;474,75;793,75;810,22;878,05;604,52;824,12;669,93;686,34;664,19;600,82;448,65;325,6;323,2;287,9;266,6;267;266,3
