GeräteName;GeräteID;Kostenstelle;Raum/Baustelle;KW;Ablesedatum;Wochentag;Monat;Jahr;Verbrach;[Wh];Verbrauch;[kWh];01:00;02:00;03:00;04:00;05:00;06:00;07:00;08:00;09:00;10:00;11:00;12:00;13:00;14:00;15:00;16:00;17:00;18:00;19:00;20:00;21:00;22:00;23:00;24:00:00
;;3ce90e6f0d6c;;;;51;19.12.2025;Freitag;Dezember;2025;32132,94;32,13;2073,2;2027,93;2067,15;1942,8;1922,16;1965,81;2344,49;2737,01;2436,47;2745,66;1218,93;642,84;299,86;293,4;159,41;138,21;437,12;986,09;1345,63;1312,83;1315,08;1394,71;200,17;125,98
;;3ce90e6f0d6c;;;;51;18.12.2025;Donnerstag;Dezember;2025;233444,77;173,44;1726,11;2744,33;2853,83;2793,33;2818,97;2897,35;4563,66;24072,55;23796,18;23075,24;22529,91;22259,71;22238,26;22255,27;22148,84;21620,26;16632,84;2958,4;3569,09;3438,18;3504,52;3447,18;2336,94;2163,82
;;3ce90e6f0d6c;;;;51;17.12.2025;Mittwoch;Dezember;2025;215898,81;153,9;4429;4222,71;4296,23;4184,91;4162,04;4158,66;5467,91;24124,43;23917,88;23031,24;21992,93;23295,22;22610,2;22805,29;22803,24;15602,39;6501,88;11256,66;13142,04;10413,24;3942,5;3926,3;2808,71;2803,2
;;3ce90e6f0d6c;;;;51;16.12.2025;Dienstag;Dezember;2025;200699,44;150,7;10427,79;8589,37;6548,83;3298,98;2571,45;2598,23;3928,92;23864,88;25105;23620,96;23016,46;23065,74;22503,27;21807,7;21653,88;21558,82;20598,88;5018,68;5323,99;5455,81;5577,96;5594,26;4478,43;4491,15
;;3ce90e6f0d6c;;;;51;15.12.2025;Montag;Dezember;2025;364799,21;171,8;436,52;434,39;524,99;459,09;500,5;576,34;1648,59;23976;24824,97;23951,6;22852,4;22804,05;22105,26;26180,72;29783,31;30714,69;24407,12;7573,73;12787,55;17610,41;19761,26;19661,53;17009,38;14214,81
;;3ce90e6f0d6c;;;;50;14.12.2025;Sonntag;Dezember;2025;21396,87;21,4;610,39;746,91;726,93;468,9;506,05;483,07;1052,39;1727,99;1740,47;1707,3;767,36;509,42;437,22;388,59;329,23;240,21;323,44;1060,43;1613,71;1613,45;1701,46;1642,34;505,32;494,29
;;3ce90e6f0d6c;;;;50;13.12.2025;Samstag;Dezember;2025;23950,52;23,95;1460,35;1352,88;1302,68;1191,22;1184;814,94;864,1;1533,83;1536,74;1537,96;513,3;334,5;334,65;330,15;284,04;232,24;276,27;755,24;1565,52;1690,06;1735,14;1766,32;713,36;641,03
;;3ce90e6f0d6c;;;;50;12.12.2025;Freitag;Dezember;2025;179051,41;179,05;2441,04;2406,17;2354,69;2344,45;2278,6;2265,78;3192,64;22744,95;22311,93;21633,45;21011,24;21045,49;20581,52;8335,18;1942,01;2150,6;1923,27;2884,6;3058,11;2971,23;2930,25;2958,41;1753,17;1532,63
;;3ce90e6f0d6c;;;;50;11.12.2025;Donnerstag;Dezember;2025;215420,07;165,42;503,95;486,47;570,79;570,82;555,25;603,6;1224,55;6753,82;18395,37;21339,18;20511,63;20454,11;19672,91;20375,02;20448,93;19859,73;21326,46;3448,6;3242,91;3301,45;3430,25;3529,41;2426,03;2388,83
;;3ce90e6f0d6c;;;;50;10.12.2025;Mittwoch;Dezember;2025;95502,13;95,5;512,18;487,23;521,36;474,12;423,75;412,54;1354,9;6525,89;7162,1;7070,11;5432,67;5953,24;6046,7;5983,37;5705,69;5545,32;5871,34;10506,45;10781,73;4510,33;1639,89;1640,32;484,19;456,71
;;3ce90e6f0d6c;;;;50;09.12.2025;Dienstag;Dezember;2025;224439,61;174,44;3033,31;1561,73;1601,94;1433,02;1284,45;1701,72;2630,93;19982,6;19840,31;19731,05;20222,95;20965,22;19946,37;19681,87;20264,07;21173,9;17892,58;1963,84;1649,73;1582,93;1625,31;1611,48;477,87;471,25
;;3ce90e6f0d6c;;;;50;08.12.2025;Montag;Dezember;2025;254320,78;169,32;354,35;273,08;293,46;223,01;201,59;204,41;862,99;17775,26;19022,44;18534,82;4962,12;6935,31;11488,51;8126,8;11168,5;15182,43;19245,77;27770,85;28072,79;20641,53;15155,23;11442,17;8307,91;5952,02
;;3ce90e6f0d6c;;;;49;07.12.2025;Sonntag;Dezember;2025;18037,7;18,04;386,23;375,86;461,84;359,72;342,32;380,12;898,08;1538,71;1568,01;1374,81;359,81;385,8;336,03;260,83;287,4;320,94;289,55;1417,86;1499,31;1442,25;1497,72;1546,82;372,83;334,85
;;3ce90e6f0d6c;;;;49;06.12.2025;Samstag;Dezember;2025;28243,94;28,24;1692,17;1648,78;1674,58;1523,7;1488,58;927,82;1150,79;1809,68;1893,8;1861,45;670,01;682,23;603,43;577,68;561,61;487,59;453,36;1220,44;1610,51;1610,38;1641,97;1594,86;429,71;428,81
;;3ce90e6f0d6c;;;;49;05.12.2025;Freitag;Dezember;2025;184216;184,22;834,44;907,02;920,05;870,84;908,13;845,56;1854,7;22288,81;21969,29;23294,4;23925,82;23662,36;23094,06;12989,49;2304,47;2454,8;2018,4;2784,49;3199,14;3234,74;3141,01;3069,07;1963,61;1681,3
;;3ce90e6f0d6c;;;;49;04.12.2025;Donnerstag;Dezember;2025;260077,9;160,08;2127,71;2135,18;1969,64;1909,85;1926,39;1828,24;3627,66;22027,84;21357,4;21776,4;20886,29;21791,71;21017,07;20101,86;21379,72;21546,28;19955,96;10636,9;10995,63;5498,09;1915,82;1959,46;854,24;852,56
;;3ce90e6f0d6c;;;;49;03.12.2025;Mittwoch;Dezember;2025;244657,98;144,66;3189,3;3087,75;3124,78;3062,74;2976,7;2919,54;3756,7;15737,48;21871,02;21768,38;20980,23;21119,89;21096,31;19545,66;19708,27;19788,05;19083,9;3662,27;3426,25;3492,8;3449,51;3466,33;2193,66;2150,46
;;3ce90e6f0d6c;;;;49;02.12.2025;Dienstag;Dezember;2025;294985,36;174,99;2788,3;2938,99;3034,05;2807,47;2807,93;2849,87;4910,08;23270,93;22462,17;21300,28;20835,41;21522,46;29510,06;29248,44;26875,66;20973,84;21869,64;10452,83;4570,49;4470,4;4455,66;4490,68;3269,89;3269,83
;;3ce90e6f0d6c;;;;49;01.12.2025;Montag;Dezember;2025;246597,68;246,6;581,49;572,94;659,34;594,53;589,75;639,18;2555,65;22444,78;22692,46;21519,74;21288,26;21776,29;20669,47;20668,11;21245,32;21792,24;20475,91;4095,23;3988,48;4005,02;4044,45;4032,68;2835,43;2830,93
;;3ce90e6f0d6c;;;;48;30.11.2025;Sonntag;November;2025;18577,74;18,58;365,04;309,17;349,67;351,87;270,94;301,61;930,69;1556,83;1576,65;889,66;452,11;444,88;449,96;391,81;323,01;317,01;336,73;1089,8;1625,4;1664,39;1729,37;1750,63;548,91;551,6
;;3ce90e6f0d6c;;;;48;29.11.2025;Samstag;November;2025;17703,41;17,7;377,17;377,42;445;327,72;332,81;366,43;942,51;1578,54;1563,29;853,49;350,3;395,75;335,08;331,06;332,59;309,58;305,79;1064,42;1511,24;1541,67;1749,05;1588,81;367,97;355,72
;;3ce90e6f0d6c;;;;48;28.11.2025;Freitag;November;2025;185531,52;185,53;4298,69;4273,25;4314,93;4225,06;4151,97;4108,35;5357,11;23833,24;24818,04;23707,42;22772,58;22047,63;19903,98;9032,03;247,15;396,11;207,11;1362,7;1391,77;1427,5;1490,3;1460,64;332,06;371,9
;;3ce90e6f0d6c;;;;48;27.11.2025;Donnerstag;November;2025;203750,19;203,75;10505,89;7475,14;5890,25;2873,89;2869,46;2892,15;5633,96;24455,76;24799,05;22816,37;23014,43;22958,71;23320,36;22548,18;22955,2;8661,55;7429,1;14796,04;14946,39;12556,6;5777,74;5714,01;4502,23;4357,73
;;3ce90e6f0d6c;;;;48;26.11.2025;Mittwoch;November;2025;175279,07;175,28;4427,22;4282,96;4255,61;4209,37;4227,38;4147,33;5363,63;22793,99;23581,05;23665,64;22775,13;23539,7;22971,64;22690,75;22149,79;25471,04;22866,14;10580,24;15696,14;18822,84;19726,69;18859,43;15670,42;12504,94
;;3ce90e6f0d6c;;;;48;25.11.2025;Dienstag;November;2025;168158,7;168,16;2796,02;2795,25;2822,09;2771,48;2745,33;2811,45;3790,48;10765,23;9946,06;15402,51;23583,59;22958,66;22675,34;22823,47;21962,95;22845,55;19054,15;13945,41;14706,94;6951,59;5576,54;5568,98;4439,65;4419,98
;;3ce90e6f0d6c;;;;48;24.11.2025;Montag;November;2025;158091,38;158,09;5998,03;5965,75;6059,82;5958,42;5944,85;5963,62;6669,47;10794,04;10529,26;10808,78;9434,71;8617,47;7941,23;7069,68;9069,4;8287,66;8161,77;3514;3920,12;3960,44;3914,93;3902,34;2816,44;2789,15
;;3ce90e6f0d6c;;;;47;23.11.2025;Sonntag;November;2025;152189,58;152,19;6262,43;5995,05;6085,18;5997,62;5993,73;6056,92;6626,93;7214,91;7139,24;5987,28;6174,68;5936,23;5983,4;5934,88;5956,17;5922,17;5919,23;6485,95;7053,69;7089,56;7185,98;7275,9;5956,68;5955,77
;;3ce90e6f0d6c;;;;47;22.11.2025;Samstag;November;2025;152819,52;152,82;5935,91;5994,31;6023,34;6661,23;6011,39;5973,37;6620,41;7144,16;7670,75;5959,03;5908,54;5937,03;5922,61;5928,01;6523,58;5928,69;5947,08;6292,52;7073,16;7121,4;7105,74;7129,15;5979,61;6028,5
;;3ce90e6f0d6c;;;;47;21.11.2025;Freitag;November;2025;205320,15;205,32;2889,25;2836,6;2962,5;2914,09;2959,79;3020,5;4635,94;9746,36;9689,02;8294,9;8767,14;8389,36;7952,74;25183,52;32987,34;16354,79;8305,93;6234,45;7069,64;7105,37;7150,78;7751,62;6163,94;5954,58
;;3ce90e6f0d6c;;;;47;20.11.2025;Donnerstag;November;2025;125945,67;125,95;2759,59;2768,81;2894,87;2858,06;2873,47;2972,41;4174,02;9351,73;9462,62;8474,05;8242,55;8263,12;7433,21;6884,12;7113,4;6964,03;7472,47;3070,28;3836,1;3987,57;4107,4;4096,5;2950,6;2934,69
;;3ce90e6f0d6c;;;;47;19.11.2025;Mittwoch;November;2025;132852,25;132,85;14602,22;9270,88;7163,23;5500,58;2858,39;3392,59;6002,32;5648,55;5561,54;5325,5;4345,04;5043,89;4596,27;5513,26;6972,07;7560,58;8423,57;3839,88;3977,31;3859,3;3921,63;3892,11;2763,86;2817,68
;;3ce90e6f0d6c;;;;47;18.11.2025;Dienstag;November;2025;236266,81;236,27;794,79;772,29;863,25;734,59;733,95;775,11;2155,19;9829,76;9548,12;9914,18;8283,4;8433,92;9682,89;7747,44;7269,21;8035,09;10731,94;21427,5;25410,95;22360,12;20191,32;19769,05;16810;13992,75
;;3ce90e6f0d6c;;;;47;17.11.2025;Montag;November;2025;99521,88;99,52;105,15;140,1;165,73;137,3;113,75;108,98;1519,74;8664,02;8608,93;6897,39;6516;6815,42;5568,33;5439,22;4706,54;4868,82;21029,4;8552,15;1852,79;1949,1;2019,68;2122,6;803,79;816,95
;;3ce90e6f0d6c;;;;46;16.11.2025;Sonntag;November;2025;11535,24;11,54;150,81;105,88;169,02;105,88;145,76;120,9;790,4;1298,78;1299,41;606,65;104,73;150,9;135,72;112,3;147,74;112,06;104,86;462,9;1300,94;1288,44;1331,44;1239,62;136,8;113,3
;;3ce90e6f0d6c;;;;46;15.11.2025;Samstag;November;2025;12679,11;12,68;148,5;111,29;167,36;138,53;122,85;141,44;769,02;1299,78;1321,73;778,25;122,44;137,18;111,97;141,07;112,32;143,9;159,14;1300,27;1307;1330,07;1309,85;1253,94;145,42;105,79
;;3ce90e6f0d6c;;;;46;14.11.2025;Freitag;November;2025;62256,92;62,26;2244,12;5527,26;2290,05;2294;2280,45;2308,62;3853,01;6363,82;4665,46;4839,36;4608,35;5973,41;4462,88;2994,85;122,07;871,17;119,04;968,81;1345,96;1308,59;1304,03;1288,12;110,9;112,59
;;3ce90e6f0d6c;;;;46;13.11.2025;Donnerstag;November;2025;112941,35;112,94;2626,24;2626,13;2638,04;2796,36;2611,92;2613,53;3388,85;5395,16;4748,61;3414,39;3023,65;3750,32;3159,24;3176,17;2823,16;3068,21;7113,69;13635,75;13823,59;12441,19;6124,45;3389,36;2270,03;2283,31
;;3ce90e6f0d6c;;;;46;12.11.2025;Mittwoch;November;2025;142467,4;142,47;2708,32;2694,85;2716,28;2683,16;2655,7;2658,62;4291,69;8946,16;8857,22;7615,1;7273,45;7827,97;7105,6;6501,82;6652,56;6861,5;10875,54;20619,73;6855,27;3650,63;3682,72;3667,82;2537,08;2528,61
;;3ce90e6f0d6c;;;;46;11.11.2025;Dienstag;November;2025;131676,74;131,68;2634,91;5701,3;2690,2;2586,08;2503,62;2498,87;4003,75;9772,73;8566,13;7780,44;17466,9;7708,46;7572,91;6621,72;6768,22;6956,78;6851,13;2825,82;3597,15;3643,22;3733,7;3788,31;2700,41;2703,98
;;3ce90e6f0d6c;;;;46;10.11.2025;Montag;November;2025;171769,48;171,77;2185,75;2198,91;2280,59;2190,26;2202,7;2213,51;3699,51;10426,14;11084,35;8806,01;7631,93;7789,48;7891,23;16362,85;10636,27;7210,9;10462,17;13915,25;13797,67;12681,06;7194,01;3706,95;2602,14;2599,84
;;3ce90e6f0d6c;;;;45;09.11.2025;Sonntag;November;2025;60806,21;60,81;2220,51;2212,43;2316,73;2230,62;2230,18;2257,42;2895,37;3382,57;3406,63;2180,64;2184,69;2199,64;2184,94;2176,94;2221,05;2188,59;2187,23;2336,12;3351,43;3355,69;3401,69;3281,55;2186,14;2217,41
;;3ce90e6f0d6c;;;;45;08.11.2025;Samstag;November;2025;61246,33;61,25;2197,3;2227,53;2244,64;2209,18;2238,13;2205,45;2906,59;3384;3312,65;2341,21;2213,9;2188,31;2193,85;2229,19;2196,97;2199,88;2176,68;2784,23;3329,41;3347,66;3391,35;3287,27;2206,48;2234,47
;;3ce90e6f0d6c;;;;45;07.11.2025;Freitag;November;2025;99963,18;99,96;2358,88;2428,15;2559,57;2584,6;2573,66;2593,43;3979,77;9175,77;8829,02;7947,51;7708,64;7436,7;7740,98;4878,04;2349,39;2356,76;2212,53;2399,84;3343,21;3397,92;3374,98;3307,48;2231,73;2194,62
;;3ce90e6f0d6c;;;;45;06.11.2025;Donnerstag;November;2025;133037,9;133,04;9647,12;7776,04;8342,73;2883,97;2877,8;2939,79;4297,48;9757,16;8847,55;8120,37;7342,47;7355,7;6893,05;6276,92;6704,07;7452,54;5552,67;2243,26;3351,54;3318,95;3325,51;3287,29;2185,42;2258,5
;;3ce90e6f0d6c;;;;45;05.11.2025;Mittwoch;November;2025;287417,19;287,42;2136,57;2166,65;2192,18;2136,43;2195,95;2157,72;3624,99;9058,54;8746,09;7836,5;7111,18;6842,4;6842,66;8878,51;15745,12;8170,21;14287,52;23605,55;45218,64;30757,71;29531,65;22383,53;15094,63;10696,26
;;3ce90e6f0d6c;;;;45;04.11.2025;Dienstag;November;2025;138963,34;138,96;3184,31;3167,92;3266,69;3176,9;3168,65;3216,66;4016,74;8121,48;8514,31;8266,97;7293,18;8876,11;9396,33;8018,8;6908,92;6124,73;12145,59;13468,57;4293,76;3382,34;3342,52;3264,12;2214,45;2133,29
;;3ce90e6f0d6c;;;;45;03.11.2025;Montag;November;2025;112340,58;112,34;2157,2;2192,25;2207,24;2177,74;2141,3;2174,44;3897,11;8638,79;8178,92;7411,11;6865,22;7283,84;7067,36;6509,2;6068,53;7078,93;7268,87;3215,58;3328,86;3352,42;3363,41;3343,17;3216,82;3202,27
;;3ce90e6f0d6c;;;;44;02.11.2025;Sonntag;November;2025;59389,37;59,39;2172,59;2175,55;2253,92;2175,72;2174,6;2211,71;2887,85;3371,59;2893,82;2201,01;2156,1;2190,3;2170,06;2157,92;2240,26;2160,65;2155,85;2176,96;3211,59;3322,49;3355,43;3223,34;2151,93;2198,13
;;3ce90e6f0d6c;;;;44;01.11.2025;Samstag;November;2025;59518,69;59,52;2206,2;2174,98;2244,32;2187,49;2185,18;2208,65;2879,02;3366,21;2636,67;2142,76;2135,88;2338,42;2142,31;2127,59;2177,09;2132,51;2138,13;2468,96;3323,98;3363,51;3365,26;3216,17;2158,67;2198,73
;;3ce90e6f0d6c;;;;44;31.10.2025;Freitag;Oktober;2025;59427,55;59,43;2154;2198,25;2204,58;2197,94;2194,74;2154,94;2887,51;3340,6;3016,42;2192,28;2146,84;2146,67;2175,2;2167,82;2160,28;2186,67;2154;2147,75;3343,85;3337,6;3331,41;3260,11;2161,91;2166,18
;;3ce90e6f0d6c;;;;44;30.10.2025;Donnerstag;Oktober;2025;104181,49;104,18;4833,14;2553,55;2186,07;2143,61;2174,16;2151,84;6593,42;8511,28;7809,31;6816,42;6842,63;7018,48;6838,76;6995,93;6416,31;2355,07;2159,69;2160,53;3280,34;3390,13;3361,45;3247,72;2198,09;2143,56
;;3ce90e6f0d6c;;;;44;29.10.2025;Mittwoch;Oktober;2025;162038,89;162,04;2628,77;2586,04;2574,66;2555,58;2528,76;2552,36;4598,33;8910,39;8878,09;7902,47;7333,74;7722,05;7714,14;6838,24;7364,43;7433,22;8628,95;30625,9;14198,07;7531,24;3352,46;3262,79;2196,66;2121,55
;;3ce90e6f0d6c;;;;44;28.10.2025;Dienstag;Oktober;2025;116242,85;116,24;2585,61;2644,76;2675,62;2603,22;2655,38;2646,01;4214,9;9144,81;9544,35;8902,4;7698,51;8465,67;8181,98;6454,4;5364,08;5487,48;5210,12;2307,76;3446,64;3603,61;3657,41;3631,82;2548,06;2568,25
;;3ce90e6f0d6c;;;;44;27.10.2025;Montag;Oktober;2025;122880,46;122,88;3612,89;3626,54;3685,95;3587,41;3590,03;3588,7;6122,26;9216,31;9822,75;8031,73;7333,07;7378,8;7992,94;6881,63;5729,65;5732,59;5605,29;2283,51;3078,28;3561,35;3619,63;3600,55;2620,53;2578,07
;;3ce90e6f0d6c;;;;43;26.10.2025;Sonntag;Oktober;2025;89274,94;89,28;3594,62;3645,92;3692,24;3666,32;3705,91;3692,34;3777,46;3877,35;3837,7;4665,33;4082,48;3617,91;3418,66;3395,21;3344,94;3314,32;3321,19;3373,08;3549,39;3617,7;5138,44;3702,19;3596,49;3640,71
;;3ce90e6f0d6c;;;;43;25.10.2025;Samstag;Oktober;2025;94880,72;94,88;3518,5;3490,77;6712,04;3530,48;3530,27;3610,74;3685,86;5562,23;4587,76;3567,26;3458,12;3438,97;3583,82;6302,27;3401,56;3377,42;3326,95;3326,1;3445,82;3567,85;3603,99;3501,99;3574,34;5175,61
;;3ce90e6f0d6c;;;;43;24.10.2025;Freitag;Oktober;2025;164694,6;164,69;2492,4;2525,25;2541,14;2499,68;2552,47;4458,84;9247,02;9443,73;8851,08;8138,11;7323,61;7220,22;23642,36;24768,7;12187,51;7605,01;2288,94;2320,98;3392,81;3619,09;5667,18;4880,13;3512,63;3515,71
;;3ce90e6f0d6c;;;;43;23.10.2025;Donnerstag;Oktober;2025;126412,63;126,41;7958,27;6741,77;2507,93;2436,2;2441,04;4292,53;8950,55;9645,21;9121,81;8008,56;7610,12;7221,91;6912,63;7499,07;6807,13;6031,14;2333,73;2231,16;3334,1;3485,7;3405,14;2417,74;2516,74;2502,45
;;3ce90e6f0d6c;;;;43;22.10.2025;Mittwoch;Oktober;2025;209635,31;209,63;2168,72;2204,8;2305,74;5187,25;2450,1;4214,88;9236;9135,28;8335,47;7573,13;7789,15;8260,76;6757,71;5246,29;5647,33;5627,93;7176,1;12876,11;18353,96;20435,93;19399,51;16255,49;13529,61;9468,06
;;3ce90e6f0d6c;;;;43;21.10.2025;Dienstag;Oktober;2025;159157,83;159,16;2394,53;2403,88;2442,49;2394,6;2341,22;4327,86;8820,59;9377,43;8146,26;7760,88;8166,42;7593,49;6576,53;7676,73;8267,29;19376,41;28306,3;3011,89;3064,28;3361,08;3217,6;2184,6;5755,79;2189,68
;;3ce90e6f0d6c;;;;43;20.10.2025;Montag;Oktober;2025;120245,66;120,25;2479,4;2438,46;2451,94;2367,94;2360,8;3926,25;9599,46;9726,89;8342,34;7772,07;8173,66;8412,37;8243,16;7303,57;8151,36;6761,99;2399,87;2271,48;2926,02;3452,08;3384,31;2363,92;2507,34;2428,98
;;3ce90e6f0d6c;;;;42;19.10.2025;Sonntag;Oktober;2025;64447,44;64,45;2546,95;2544,73;2625,22;2544,9;2594,97;3406,39;3797,83;3795,09;2823,16;2636,64;2536,62;2491,2;2334,27;2251,37;2179,14;2183,4;2152,5;2164,33;2805,03;3406,73;3336,57;2399,28;2434,82;2456,3
;;3ce90e6f0d6c;;;;42;18.10.2025;Samstag;Oktober;2025;61538,64;61,54;2212,41;2157,01;2207,73;2205,64;2254,94;3104,24;3670,59;3405,52;2598,52;2504,2;2439,11;2231,16;2225;2173,18;2143,28;2168,56;2189,13;2234,47;2825,42;3506,64;3463,29;2506,98;2527,84;2583,78
;;3ce90e6f0d6c;;;;42;17.10.2025;Freitag;Oktober;2025;70480,72;70,48;3422,19;3349,28;3363,28;3255,79;3236,74;3953,6;4268,2;4456,83;4359,54;2625,39;2516,16;2463,08;2341,09;2275,59;2377,71;2155,33;2152,69;2161,16;2645,45;3311,29;3170,04;2199,57;2284,86;2135,86
;;3ce90e6f0d6c;;;;42;16.10.2025;Donnerstag;Oktober;2025;99313,78;99,31;2264,88;2312,15;2391,16;2331,28;2369;3064,51;4829,89;4072,61;2853,99;2872,5;2429,11;2630,17;3151,93;2794,34;2877,05;4687,23;13055,8;12936,83;5159,19;4913,01;4701,9;3666,62;3460;3488,63
;;3ce90e6f0d6c;;;;42;15.10.2025;Mittwoch;Oktober;2025;79504,06;79,5;3674,39;3615,46;3519,63;3407,64;3371,01;4024,97;4866,57;4971,28;3682,6;3598,31;4155,56;3430,35;3044,06;3189,29;3233,69;3505,53;2124,65;2129,12;2976,42;3301,53;3159,78;2186,54;2175,73;2159,95
;;3ce90e6f0d6c;;;;42;14.10.2025;Dienstag;Oktober;2025;87789,94;87,79;2247,12;2306,25;2367,11;2357,37;2312,36;3066,96;5191,51;5076,81;4270,02;4283,3;3919,71;3454,13;3586,2;2935,61;3158,58;4139,63;3862,57;3844,27;4576,28;4872,06;4697,74;3750,34;3782,48;3731,53
;;3ce90e6f0d6c;;;;42;13.10.2025;Montag;Oktober;2025;66175;66,17;2155,92;2142,55;2190,85;2160,81;2127,15;2891,27;4225,83;3874,57;3303,39;2680,59;2988,36;3460,66;3081,99;3057,3;2983,27;3178,16;2159,43;2165,64;2440,29;3274,44;3167;2139,17;2151,61;2174,75
;;3ce90e6f0d6c;;;;41;12.10.2025;Sonntag;Oktober;2025;57461,88;57,46;2184,04;2153,04;2205,77;2155,11;2217,72;3024,22;3321,72;3277,98;2132,34;2134,76;2171,29;2135,48;2135,46;2174,31;2148,04;2141,98;2133,85;2167,59;2500,67;3296,43;3177,88;2142,04;2138,91;2191,25
;;3ce90e6f0d6c;;;;41;11.10.2025;Samstag;Oktober;2025;57699,47;57,7;2141,58;2188,68;2209,72;2161,3;2164,92;2946,57;3326,57;3303,64;2380,12;2115,86;2116,55;2163,35;2130,8;2172,88;2169,18;2139,23;2141,31;2129,41;2725,12;3278,66;3123,85;2172,64;2147,7;2149,83
;;3ce90e6f0d6c;;;;41;10.10.2025;Freitag;Oktober;2025;114552,49;114,55;3504,82;3557,47;3528,16;3424,15;4200,86;5113,94;9023,01;8892,89;7300,67;7406,49;5696,91;4916,06;11693,21;11363,82;3063,32;2201,75;2160,73;2150,01;2386,17;3312,59;3161,08;2170,27;2178,52;2145,59
;;3ce90e6f0d6c;;;;41;09.10.2025;Donnerstag;Oktober;2025;200220,32;200,22;2257,88;2255,38;2247,46;2202,23;2228,98;3230,88;4633,41;3863,47;3468,84;2923,65;4791,08;9166,86;14956,52;4538,16;9887;14396,93;18532,75;20128,31;19729,09;18118,21;13130,56;10094,01;8414,89;5023,77
;;3ce90e6f0d6c;;;;41;08.10.2025;Mittwoch;Oktober;2025;110178,69;110,18;2148,79;2191,37;2211,19;2164,93;2392,42;4086,89;8587,37;8712,12;7654,58;8017,4;7565,13;7311,79;6231,54;7106,48;6896,8;6343,65;2311,84;2206,07;2691,76;3368,14;3222,13;2223,13;2274,34;2258,83
;;3ce90e6f0d6c;;;;41;07.10.2025;Dienstag;Oktober;2025;133824,8;133,82;3404,15;3327,24;3335,33;3308,1;3236,4;5254,23;9910,04;9097,37;8022,51;8594,8;7795,84;3596,29;4175,55;5799,97;6384,3;9227,28;11481,99;11347,13;3482,95;3303,91;3160,97;2215,85;2199,27;2163,33
;;3ce90e6f0d6c;;;;41;06.10.2025;Montag;Oktober;2025;94258,29;94,26;2170,25;2198,27;2227,21;2188,19;2224,38;2918,88;7985,54;5783,18;4537,17;4553,55;4760,28;4977,08;3972,62;3897,43;3918,56;4131,26;3817,65;3837,29;4113,23;4808,92;4678,51;3606,57;3557,91;3394,36
;;3ce90e6f0d6c;;;;40;05.10.2025;Sonntag;Oktober;2025;57585,95;57,59;2181;2208,5;2238,43;2187,06;2215,11;2691,7;3338,74;3150,83;2163,63;2195,71;2172,74;2165,85;2202,75;2162,95;2158,18;2172,26;2296,69;2166,06;2165,99;3352,71;3382,18;2279,94;2176,72;2160,22
;;3ce90e6f0d6c;;;;40;04.10.2025;Samstag;Oktober;2025;58746,89;58,75;2188,74;2169,42;2219,51;2208,26;2193,52;2692,01;3360,6;3323,83;3066,66;2203,96;2171,19;2146,04;2215,93;2179,66;2181,33;2230,78;2225,42;2199,84;2226,14;3325,19;3395,78;2269,88;2178,98;2174,22
;;3ce90e6f0d6c;;;;40;03.10.2025;Freitag;Oktober;2025;57110,52;57,11;2168,65;2166,27;2256,7;2176,56;2185,82;2734,69;3347,5;2859,95;2208,92;2167,29;2153,14;2195,23;2146,46;2155,07;2199,18;2170,59;2175,78;2192,01;2196,84;3299,76;3341,81;2226,02;2172,86;2213,42
;;3ce90e6f0d6c;;;;40;02.10.2025;Donnerstag;Oktober;2025;80409,48;80,41;4001,76;4006,66;3991,69;3999,8;3955,57;4404,06;5579,08;4643,38;4027,52;4778,92;3743,75;2926,55;2793,69;2390,83;2312,67;2496,83;2833,37;2323,76;2170,08;3004,96;3375,68;2243,3;2200,98;2204,59
;;3ce90e6f0d6c;;;;40;01.10.2025;Mittwoch;Oktober;2025;80188,37;80,19;2235,1;2168,58;2213,61;2169,75;2269,43;2950,18;5090,6;4382,87;3528,28;2543,15;2376,35;2408,74;2804,3;2732,9;2587,15;3113,52;4386,56;4254,18;4069,76;4751,06;5156,07;4069,96;3969,39;3956,88
;;3ce90e6f0d6c;;;;40;30.09.2025;Dienstag;September;2025;84106,49;84,11;2205,77;2141,12;2169,2;2154,01;2115,72;2758,97;4688,41;4277,87;2802,57;2511,49;3064,51;2666,79;2485,65;3007,45;2580,59;5365,33;11379,35;10642,41;2237,9;2877,36;3329,07;2262,12;2183,73;2199,1
;;3ce90e6f0d6c;;;;40;29.09.2025;Montag;September;2025;63950,3;63,95;2172,29;2176,34;2255,32;2168,99;2185,87;2804,53;4259,21;3574,69;2939,88;2754,8;2813,88;2584,02;2889,45;2849,4;2425,95;3109,38;2479,25;2347,18;2118,66;3169,28;3318,69;2221,56;2166,15;2165,53
;;3ce90e6f0d6c;;;;39;28.09.2025;Sonntag;September;2025;56417,63;56,42;2190,32;2189,33;2265,58;2184,83;2191,29;2755,16;3351,96;2659,08;2153,51;2192,71;2184,14;2179,55;2189,03;2152,57;2169,84;2187,93;2212,39;2167,06;2146,79;2876,86;3292,77;2184,81;2147,02;2193,1
;;3ce90e6f0d6c;;;;39;27.09.2025;Samstag;September;2025;63532,48;63,53;3707,89;3669,29;3686,83;3578,03;2510,86;2767,19;3344,65;2953,64;2156,94;2188,67;2484,25;2152,49;2188,86;2172,14;2163,75;2163,18;2191,42;2153,67;2145,98;3253,29;3318,03;2200,27;2199,7;2181,46
;;3ce90e6f0d6c;;;;39;26.09.2025;Freitag;September;2025;112436,81;112,44;2149,3;2149,64;2231,32;2147,68;2155,95;3235,83;8608,28;8402,25;7477,76;7674,21;7376,33;7349,62;6375,18;4125,33;4076,76;4063,02;4053,3;3994,58;3931,74;4464,36;5094,21;3826,93;3710,52;3762,71
;;3ce90e6f0d6c;;;;39;25.09.2025;Donnerstag;September;2025;115702,03;115,7;3805,68;3814,86;3773,51;3697,79;3684,72;4722,24;9919,95;8590,61;7917,49;7335,05;7065,5;7128,84;7114,38;5379,89;5259,26;6414,57;2378,7;2230,84;2361,24;3099,48;3378,31;2208,42;2184,74;2235,96
;;3ce90e6f0d6c;;;;39;24.09.2025;Mittwoch;September;2025;135568,18;135,57;5607,25;2155,62;2206,21;2188,78;2155,68;3387,33;8794,99;7712,64;7001,02;6641,04;6633,08;6859,01;8473,87;5858,68;2525,19;4628,1;13288,83;13229,57;4406,63;4512,5;5186,36;4050,83;4076,68;3988,29
;;3ce90e6f0d6c;;;;39;23.09.2025;Dienstag;September;2025;167953,12;167,95;137,81;169,5;188,56;133,75;174,62;953,99;7641,48;7303,59;7070,8;6616,72;6765,71;6620,76;6429,16;6473,64;6665,24;4946,45;5932,62;12219,04;16771,36;17585,94;16420,09;13349,37;10037,45;7345,47
;;3ce90e6f0d6c;;;;39;22.09.2025;Montag;September;2025;14328,76;14,33;147,92;148,19;227,17;145,06;148,41;1063,7;2831,66;2128,44;1474,37;877,14;522,3;342,92;313,31;252,47;404,81;489,73;222,9;180,56;139,74;503,48;1302,7;156,48;170,13;135,17
;;3ce90e6f0d6c;;;;38;21.09.2025;Sonntag;September;2025;7418,54;7,42;179;149,39;196,57;149,91;180,08;716,45;1317,69;397,57;180,15;146,94;146,39;148,73;183,93;145,2;146,61;146,62;176,87;149,16;221,24;540,53;1318,62;159,3;144,06;177,53
;;3ce90e6f0d6c;;;;38;20.09.2025;Samstag;September;2025;7928,48;7,93;152,85;177,82;192,44;150,37;185,26;719,08;1324,25;406,56;175,13;144,48;148,79;214,81;146,06;150,02;149,6;168,43;182,42;151,78;149,52;892,54;1344,08;156;294,06;152,13
;;3ce90e6f0d6c;;;;38;19.09.2025;Freitag;September;2025;65890,34;65,89;2188,88;2216,8;2198,03;2182,21;2162,55;2767,11;5129,2;4949,74;4378,64;3324,82;2961,95;2948,11;6065,2;9353,17;9334,51;1045,64;182,05;151,17;157,67;379,96;1327,25;187,26;150,9;147,52
;;3ce90e6f0d6c;;;;38;18.09.2025;Donnerstag;September;2025;92831,75;92,83;1809,09;1782,11;1611,76;1606,55;1615,09;2558,05;7521,67;6065,75;5266,05;5188,31;3631,35;6983,75;6568,62;7112,21;7002,96;7144,3;2249,15;2156,21;2206,13;2810;3340,56;2190,85;2223,19;2188,04
;;3ce90e6f0d6c;;;;38;17.09.2025;Mittwoch;September;2025;61370,47;61,37;169,68;174,07;254,2;172,65;178,09;1281,27;5728,6;5085,11;4825,76;3747,99;5199,69;3326,38;3335,4;3314,7;3058,12;3467,73;3013,89;2000,57;1955,74;2423,56;3072,06;1869,56;1879,55;1836,1
;;3ce90e6f0d6c;;;;38;16.09.2025;Dienstag;September;2025;60948,55;60,95;435,6;470,01;487,58;434,97;471,58;1143,33;6191,76;6003,55;5913,64;5039,47;5221,66;5590,1;4897,26;5510,62;5113,42;5064,72;351,55;206,95;178,61;286,97;1374,98;177,02;177,54;205,66
;;3ce90e6f0d6c;;;;38;15.09.2025;Montag;September;2025;62455,84;62,46;350,08;315,9;362,78;311,6;345,76;1839,88;6640,5;5361,92;5564,6;6021,9;6119,51;5244,76;4778,17;4851,38;4910,2;4620,11;455,67;442,18;474,1;485,89;1617,86;432,64;471,28;437,17
;;3ce90e6f0d6c;;;;37;14.09.2025;Sonntag;September;2025;11288,49;11,29;362,39;329,51;379,88;359,3;332,61;920,75;1549,63;519,85;319,83;318,01;344,51;316,99;321,73;319,49;348,9;319,09;321,91;350,98;318,9;472,5;1480,28;347,51;318,54;315,4
;;3ce90e6f0d6c;;;;37;13.09.2025;Samstag;September;2025;16448,9;16,45;1260,45;1186,63;1212,2;1724,64;785,06;1142,35;1780,94;373,85;380,22;368,29;390,66;354,68;354,68;382,34;342,51;347,65;344,39;375,21;338,69;458,41;1537,62;334,99;336,38;336,06
;;3ce90e6f0d6c;;;;37;12.09.2025;Freitag;September;2025;110687,93;110,69;257,91;263,14;271,45;219,59;254,82;1568,93;5812,09;1601,32;620,43;418,97;2746,57;4386,09;3194,96;1808,73;5715,68;11053,11;13728,79;13715,79;12830,4;11560,67;9113,74;5267,61;3030,54;1246,6
;;3ce90e6f0d6c;;;;37;11.09.2025;Donnerstag;September;2025;82607,09;82,61;1885,23;1858,46;1869,64;1653,8;1584,36;3065,81;6590,73;5531,14;5002,82;4322,93;5276,72;4740,19;4461,38;2999,72;3097,11;3702,55;9755,76;9427,42;3336,01;344,47;1385,87;257,24;226,12;231,61
;;3ce90e6f0d6c;;;;37;10.09.2025;Mittwoch;September;2025;61943,11;61,94;173,67;172,3;255,11;176,01;174,97;1252,84;4306,74;3631,32;5033,11;4886,26;4946,87;4892,1;3739,03;2391,41;2926,44;2630,09;5561,12;2129,51;2012,19;1964,87;2900,8;1915,03;1967,36;1903,96
;;3ce90e6f0d6c;;;;37;09.09.2025;Dienstag;September;2025;27237,85;27,24;175,1;208,44;224,76;173,95;217,12;1214,89;4347,42;3642,92;3160,25;3207,9;3152,03;1494,4;536,61;1068,61;780,29;925,81;251,08;180,87;179,06;234,23;1299,35;176,63;206,82;179,31
;;3ce90e6f0d6c;;;;37;08.09.2025;Montag;September;2025;32873,77;32,87;138,96;143;219,59;140,01;139,45;1217,09;4011,46;3737,49;3239,12;3271,24;3342,95;3253,21;2366,85;1523,27;1377,94;1777,24;331,86;206,61;180,2;401,04;1292,22;208,6;177,5;176,87
;;3ce90e6f0d6c;;;;36;07.09.2025;Sonntag;September;2025;5976,5;5,98;138,32;138,87;221,5;141,01;146,16;760,81;1025,12;138,98;140,41;209,95;136,9;141,4;136,33;172,19;137,58;144,5;138,48;140,62;176,48;140,73;993,41;143,47;172,75;140,53
;;3ce90e6f0d6c;;;;36;06.09.2025;Samstag;September;2025;6047,3;6,05;141,84;138,61;189,99;173,56;141,39;756,71;1034,9;138,17;136,71;136,27;169,17;141,68;137,72;223,17;174,73;136,92;146,44;137,16;174,42;143,19;1018,21;140,74;174,57;141,03
;;3ce90e6f0d6c;;;;36;05.09.2025;Freitag;September;2025;52432,06;52,43;1920,37;1903,72;1873,9;1788,41;1617,68;2545,75;5733,8;3363,25;2678,72;3047,25;3136,94;2525,94;6197,56;9296,5;2594,54;175,81;145,78;137,54;146,7;139,51;1006,9;144,45;140,86;170,18
;;3ce90e6f0d6c;;;;36;04.09.2025;Donnerstag;September;2025;41431,09;41,43;4440,23;143,81;226,91;146,46;151,8;1323,24;5291,11;2450,03;1853,62;1641,77;1504,7;1149,55;856,44;1112,28;1152,81;1383,58;1864,15;2009,33;1979,87;1977,97;2906,05;1938,48;1947,7;1979,2
;;3ce90e6f0d6c;;;;36;03.09.2025;Mittwoch;September;2025;114939,46;114,94;141,62;134,8;217,61;139,39;143,1;774,24;2295,93;1614,85;1422,96;1574,67;1441,38;1298,2;1315,45;1398,45;1699,92;2591,14;5912,93;12283,31;17022,14;17394,62;16412,02;13575,36;8479,18;5656,19
;;3ce90e6f0d6c;;;;36;02.09.2025;Dienstag;September;2025;38741,03;38,74;1590,85;1440,61;1390,04;1277,63;1185,42;1825,55;2860,18;1203,81;943,86;590,69;1035,94;1007,27;1085,82;765,66;457,63;2805,64;9430,11;6298,33;139,12;178,08;775,89;136,58;161,58;154,74
;;3ce90e6f0d6c;;;;36;01.09.2025;Montag;September;2025;29914,82;29,91;134,31;171,6;181,66;142,14;138,83;1026,24;2699,54;1830,48;1465,96;1071,77;1175,99;1509,75;823,34;793,9;870,51;1039,41;2039,87;1898,22;1836,77;1749,61;2323,13;1668,71;1660,25;1662,83
;;3ce90e6f0d6c;;;;35;31.08.2025;Sonntag;August;2025;5987,97;5,99;178,18;137,55;184,44;169,54;138,83;776,18;936,17;138,53;134,04;175,98;168,65;173,51;138,78;205,39;152,45;312;138,96;172,31;140,52;138,71;826,82;173,52;135,68;141,23
;;3ce90e6f0d6c;;;;35;30.08.2025;Samstag;August;2025;5363,28;5,36;138,12;172,44;182,58;138,24;138,31;817,79;727,19;138,33;165,02;133,53;137,12;133,96;172,17;134,35;139,72;133,9;177,85;134,04;138,91;177,6;685,96;139,34;135,2;171,61
;;3ce90e6f0d6c;;;;35;29.08.2025;Freitag;August;2025;24052,59;24,05;244,1;238,74;292,53;274,39;247,43;1386,4;4448,48;3605,38;3514,33;3282,04;2316,31;1055,95;731,46;171,41;159,48;219,15;205,33;163,98;152,36;136,39;754,95;144,18;168,33;139,49
;;3ce90e6f0d6c;;;;35;28.08.2025;Donnerstag;August;2025;26933,25;26,93;1605,86;1534,61;1497,62;1377,34;1289,69;2056,77;3669,55;1533,64;1900,56;1328,48;2295,5;1639,05;659,45;413,55;692,78;926,93;284,86;250,26;242,93;278,79;691,53;243,12;244,62;275,76
;;3ce90e6f0d6c;;;;35;27.08.2025;Mittwoch;August;2025;31326,79;31,33;197,95;188,32;273,84;186,41;191,18;1032,99;2167,43;1819,93;1085,73;994,92;1349,24;1105,69;1202,72;1333,47;850,73;1891,07;2356,17;1916,38;1847,21;1811,65;2455,63;1692,71;1682,39;1693,03
;;3ce90e6f0d6c;;;;35;26.08.2025;Dienstag;August;2025;34356,09;34,36;136,56;145,86;217,84;141,39;142,33;1067,06;2047,52;1996,07;1166,92;1242,77;1064,99;839,77;830,43;664,31;615,52;2507,45;9357,66;8500,11;195,09;189,39;673,4;191,12;233,25;189,28
;;3ce90e6f0d6c;;;;35;25.08.2025;Montag;August;2025;47334,69;47,34;1159,43;1160,72;1207,98;1157,01;1189,92;1823;4334,65;5893,7;8374,44;6532,66;5389,33;2518,81;1579,28;1204,61;1204,29;1050,78;142,67;142,01;174,21;141,07;497,03;145,58;171,16;140,35
;;3ce90e6f0d6c;;;;34;24.08.2025;Sonntag;August;2025;28057,63;28,06;1157,54;1194,65;1215,41;1168,7;1199,55;1248,9;1193,63;1175,53;1145,62;1145,92;1146,43;1164,33;1135,77;1146,65;1151,72;1182,54;1147,11;1156,24;1143,68;1179,61;1173,27;1142,76;1149,54;1192,53
;;3ce90e6f0d6c;;;;34;23.08.2025;Samstag;August;2025;33757,41;33,76;2592,5;2539,38;2517,36;2426,68;1475,19;1243,72;1205,72;1161,04;1127,21;1135,07;1185,43;1152,6;1155,81;1146,84;1191,26;1150,47;1155,37;1149,27;1184,3;1186,69;1176,48;1150,61;1187,34;1161,07
;;3ce90e6f0d6c;;;;34;22.08.2025;Freitag;August;2025;49458,61;49,46;176,37;214,84;252,84;175,91;179,06;1087,78;2248,92;2261,59;3195,78;2358,07;2916,08;1671,35;1873,49;2963,57;2947,68;2907,1;2888,23;2869,09;2782,49;2806,3;2819,09;2672,78;2617,3;2572,9
;;3ce90e6f0d6c;;;;34;21.08.2025;Donnerstag;August;2025;19643,82;19,64;175,01;181,35;251;178,98;178,13;1066,05;2110,74;2650,55;2247,16;1142,01;945,58;997,09;811,31;821,16;2345,66;1930,46;196,18;181,62;204,47;180,24;280,88;175,36;214,32;178,51
;;3ce90e6f0d6c;;;;34;20.08.2025;Mittwoch;August;2025;70734,74;70,73;5789,02;1934,35;1906,36;1774,39;1773,38;3134,32;4443,98;9698,2;9173,8;2561,56;1278,7;1558,41;1960,85;2331,8;2025,44;5501,78;9535,14;3172,71;206,97;180,62;223,8;177,32;212,26;179,58
;;3ce90e6f0d6c;;;;34;19.08.2025;Dienstag;August;2025;141614,96;141,62;143,53;168,63;186,21;137,84;213,12;1046,36;2009,98;1622,58;1268,38;803,78;1062,21;1095,81;508,64;586,54;2535,2;6152,18;13132,57;18749,6;19361,12;19618,36;19862,72;15655,76;8342,82;7351,02
;;3ce90e6f0d6c;;;;34;18.08.2025;Montag;August;2025;13420,35;13,42;136,74;139,27;218,61;135,18;143,11;1035,38;1192,88;1407,25;1270,19;1061,22;1040,76;982,74;960,87;688,45;722,31;924,8;308,1;141,14;144,36;136,22;138,5;176,79;176,55;138,93
;;3ce90e6f0d6c;;;;33;17.08.2025;Sonntag;August;2025;4934,16;4,93;139,85;140,11;186,75;169,57;143,14;827,36;832,7;168,41;136,33;136,47;166,57;139,13;134,37;139,89;169,18;139,49;135,85;137,93;171,61;133,49;142,69;136,46;169,87;136,94
;;3ce90e6f0d6c;;;;33;16.08.2025;Samstag;August;2025;5218,4;5,22;143,4;137,22;220,72;139,81;147,41;829,77;1066,11;171,21;139,43;139,45;140,34;171,97;139,86;139,93;138,96;168,15;143,17;138,51;140,75;177,05;134,95;142,4;140,38;167,45
;;3ce90e6f0d6c;;;;33;15.08.2025;Freitag;August;2025;10113,03;10,11;198,06;189,05;276,26;190,49;197,69;953,16;1718,23;1187,64;879,33;795,71;930,39;649,5;296,12;140,18;146,12;140,35;146,3;179,47;142,88;148,09;143,4;143,7;180,29;140,62
;;3ce90e6f0d6c;;;;33;14.08.2025;Donnerstag;August;2025;11071,7;11,07;145,3;177,82;191,38;142,15;149,44;872,23;1147,94;1344,52;986,94;829,64;606,73;525,36;1025,59;282,17;198,5;339,61;405;331,31;287,33;198,43;190,61;231,68;231,92;230,1
;;3ce90e6f0d6c;;;;33;13.08.2025;Mittwoch;August;2025;20350,81;20,35;1825,52;1766,2;1769,9;1679,71;1628,47;2415,42;1226,27;1230,46;897,22;715,94;779,94;815,47;585,37;476,32;563,2;767,5;152,01;144,67;148,12;144,62;180,98;147,67;141,55;148,28
;;3ce90e6f0d6c;;;;33;12.08.2025;Dienstag;August;2025;47767,59;47,77;176,46;181,64;259,38;180,62;174,13;874,87;1345,69;1395,05;1548,62;857,31;606,13;671,32;673,24;718,05;763,35;909,87;9950,58;11140,9;5589,45;1947,65;1965,2;1933,64;1922,3;1882,13
;;3ce90e6f0d6c;;;;33;11.08.2025;Montag;August;2025;13776,72;13,78;179,88;142,63;189,31;177,51;146,93;951,88;1739,06;1194,88;740,65;1147,95;1256,58;1027,6;1026,01;843,56;719,12;649,73;344,05;185,09;176,71;182,24;179,11;215,87;178,56;181,81
;;3ce90e6f0d6c;;;;32;10.08.2025;Sonntag;August;2025;4279,38;4,28;143,28;145,34;191,25;176,62;144,93;717,14;174,2;141,54;138,69;140,85;174,3;146,06;144,03;141,43;144,95;176,52;148,08;148,38;180,36;185,95;142,91;145,28;144,7;142,59
;;3ce90e6f0d6c;;;;32;09.08.2025;Samstag;August;2025;9071,48;9,07;1331,16;1299,27;1242,06;1180,08;516,07;767,78;140,71;140,4;141,8;171,06;142,7;142,28;142,47;176,63;146,01;147,3;149,66;143,45;182,03;147,61;145,42;145,19;178,09;152,25
;;3ce90e6f0d6c;;;;32;08.08.2025;Freitag;August;2025;63302,47;63,3;6637,64;5954,86;873,06;177,64;146,45;941,6;1749,37;2633,74;1768,86;1230,74;1188,3;1013,87;6440,81;10958,32;6498,29;1868,84;1862,04;1763,93;1750,93;1672,52;1647,49;1625,15;1461,26;1436,76
;;3ce90e6f0d6c;;;;32;07.08.2025;Donnerstag;August;2025;130532,32;130,53;225,12;230,92;303,02;225,84;227,19;1180,97;3825,37;3282,59;3305,39;2396,81;1228,44;1034,43;892,71;724,77;665,85;1281,45;4452,44;11179,29;16745,25;17359,61;17719,12;17944,47;15583,18;8518,09
;;3ce90e6f0d6c;;;;32;06.08.2025;Mittwoch;August;2025;30637,89;30,64;1608,96;1478,3;1437,52;1305,27;1231,29;2124,08;3361,39;2765,02;2654,01;2100,29;1306,24;1499,24;1290,55;1113,89;1184,5;1144,45;377,89;645,58;834,68;234,01;225,38;233,79;225;256,56
;;3ce90e6f0d6c;;;;32;05.08.2025;Dienstag;August;2025;53757,82;53,76;267,68;229,63;270,5;261,47;227,43;869,58;2192,22;1199,23;2111,13;7569,97;759,87;1103,87;733,68;673,48;825,21;1320,31;11175,13;11015,81;2147,64;1819,19;1824,46;1741,3;1722,89;1696,14
;;3ce90e6f0d6c;;;;32;04.08.2025;Montag;August;2025;14957,5;14,96;133,22;133,34;184,3;165,49;131,88;710,26;1448,25;1678,67;1243,7;1283,83;1256,85;1060,2;870,08;815,98;929,77;878,43;266,2;224,72;236,37;256,17;305,35;259,27;225,99;259,18
;;3ce90e6f0d6c;;;;31;03.08.2025;Sonntag;August;2025;4560,61;4,56;166,5;133,95;178,46;132,26;168,89;684,19;566,32;160,16;141,05;159,29;133,2;163,75;132,66;131,25;129,56;167,1;137,74;133,43;133,67;165,78;133,75;137,73;207,13;162,79
;;3ce90e6f0d6c;;;;31;02.08.2025;Samstag;August;2025;10026,37;10,03;1529,37;1460,05;1463,96;1319,67;677,44;688,15;479,29;131,17;168,34;163,77;127,67;132,08;133,14;162,15;132,62;132,66;133,52;164,11;128,36;133,26;136,67;166,2;133,84;128,88
;;3ce90e6f0d6c;;;;31;01.08.2025;Freitag;August;2025;25881,49;25,88;139,3;139,44;187,44;169,72;142,41;633,99;427,59;645,28;385,97;698,51;431,92;238,65;1483,59;1934,76;1970,13;1952,78;1927,82;1886,69;1997,16;1862,27;1747,75;1641,18;1657,65;1579,49
;;3ce90e6f0d6c;;;;31;31.07.2025;Donnerstag;Juli;2025;9396,92;9,4;176,81;141,11;186,78;168,2;141,98;685,66;1493,27;512,55;523,63;731,49;454,76;423,13;592,41;428;530,47;815,83;336,34;141,13;141,06;177,35;140,6;140,92;140,5;172,94
;;3ce90e6f0d6c;;;;31;30.07.2025;Mittwoch;Juli;2025;16456,48;16,46;1714,86;1534,21;1476,59;1362,56;1347,42;1456,47;694,69;713,14;552,01;234,58;239,96;489,22;858,44;1016,69;743,91;794,72;178,46;140,02;142,33;174,73;136;139,2;140,44;175,83
;;3ce90e6f0d6c;;;;31;29.07.2025;Dienstag;Juli;2025;45528,87;45,53;174,45;136,39;190,8;138,94;168,65;315,5;635,03;1026,14;770,92;221,38;242,07;322,33;478,09;256,38;423,53;618,64;9632,92;11063,91;9700,91;1891,04;1844,3;1792,22;1772,73;1711,6
;;3ce90e6f0d6c;;;;31;28.07.2025;Montag;Juli;2025;7848,78;7,85;173,79;135,69;187,87;139,92;177,9;484,06;591,86;365,58;280,91;218,73;392,54;250,37;730,04;447,11;1081,6;542,21;624,19;141,88;143,68;141,27;174,26;141,5;141,82;140
;;3ce90e6f0d6c;;;;30;27.07.2025;Sonntag;Juli;2025;5365,09;5,37;143,42;144,82;188,95;181,81;143,83;722,1;1106,94;360,52;154,12;140,16;142,44;175,52;140,47;139,61;140,68;143,16;173,43;140,46;140,59;143,6;173,91;139,71;140,44;144,4
;;3ce90e6f0d6c;;;;30;26.07.2025;Samstag;Juli;2025;3755,96;3,76;152,25;145,24;226,44;140,93;143,24;234,36;172,61;136,12;141,24;170,27;138,56;138,99;139,54;140,44;172,07;144,94;144,27;145,56;177,52;140,42;150,05;140,79;145,94;174,17
;;3ce90e6f0d6c;;;;30;25.07.2025;Freitag;Juli;2025;17364,11;17,36;1726,41;1617,67;1636,68;1536,82;1500,26;2061,2;1782,5;412,76;562,51;476,2;1068,3;462,42;570,77;359,1;153,12;151,17;152,67;198,67;149,8;149,84;151,59;151,72;182,66;149,27
;;3ce90e6f0d6c;;;;30;24.07.2025;Donnerstag;Juli;2025;25015,72;25,02;139,74;139,88;186,56;172,46;142,62;415,58;1270,18;1430,02;1229,06;607,23;840,29;972,1;421,55;498,63;641,11;588,15;1883,86;2034,03;1996,6;1933,5;1933,04;1879,42;1857,01;1803,1
;;3ce90e6f0d6c;;;;30;23.07.2025;Mittwoch;Juli;2025;19807,65;19,81;1699,16;1674,68;1694,7;1664,54;1580,5;2081,86;1309,13;486,82;808,03;854,3;825,91;920,56;411,79;775,53;809,36;907,01;230,66;147,98;144;173,48;144,99;140,63;141,79;180,24
;;3ce90e6f0d6c;;;;30;22.07.2025;Dienstag;Juli;2025;49912,84;49,91;5078,63;1733,41;233,71;219,41;188,89;792,12;1851,36;864,12;821,71;412,25;339,88;780,41;447,6;316,24;586,17;1753,3;11162,67;10868,29;2115,82;1992,26;1913,39;1904,11;1767,2;1769,89
