GeräteName;GeräteID;Kostenstelle;Raum/Baustelle;KW;Ablesedatum;Wochentag;Monat;Jahr;Verbrach [Wh];Verbrauch [kWh];01:00;02:00;03:00;04:00;05:00;06:00;07:00;08:00;09:00;10:00;11:00;12:00;13:00;14:00;15:00;16:00;17:00;18:00;19:00;20:00;21:00;22:00;23:00;24:00:00
;3ce90e6f47b4;;;51;19.12.2025;Freitag;Dezember;2025;211112,05;211,11;7665,67;7541,92;7669,72;7409,12;7451,89;7456,94;7945,87;11037,61;11568,95;11925,39;10382,54;10091,02;10268;9924,71;9336,32;9524,49;9294,06;9376,74;8904,04;7467,03;7444,35;7424,33;7093,12;6908,22
;3ce90e6f47b4;;;51;18.12.2025;Donnerstag;Dezember;2025;228771,52;228,77;6903,84;7120,35;7051,42;7220,98;7208,92;7169,72;8064,99;11098,32;13082,87;13900,53;12702,94;14797,14;12070,33;13336,09;10319,22;10173,74;10207,28;8486,29;8639,28;8097,82;7789,5;7867,88;7671,65;7790,42
;3ce90e6f47b4;;;51;17.12.2025;Mittwoch;Dezember;2025;222244,23;222,24;7227,59;7277,21;7271,52;7265,11;7529,18;8426,05;9748,95;13410,8;15287,21;13094,27;13855,41;11818,11;11157,61;11861,38;9076,26;8330,17;7800,3;7821,96;7884,41;7193,51;6965,78;7082,47;7088,18;7002,73
;3ce90e6f47b4;;;51;16.12.2025;Dienstag;Dezember;2025;223441,95;223,44;7413,6;7693,99;8276,67;8440,99;7281,27;6930,01;7510,86;9802,74;12852,28;13854,5;14381,08;12084,93;11672,63;13605,37;10853,07;9288,68;8441,11;8204,4;8277,73;7301,5;7203,82;7378,15;7355,22;7337,35
;3ce90e6f47b4;;;51;15.12.2025;Montag;Dezember;2025;223989,62;223,99;7112,45;7135,77;7338,55;7847,77;8003,98;9595,28;9674,97;11833,23;15122,36;15571,02;13778,4;12167,64;10367,39;10341,16;9521,59;8435,44;8084,81;7803,14;7921,96;6737,51;7076,4;7196,6;7451,39;7304,6
;3ce90e6f47b4;;;50;14.12.2025;Sonntag;Dezember;2025;172238,95;172,24;7250,86;7248,81;7273,25;7321,58;7467,33;8120,84;8104,39;7888,62;7796,23;7398,65;7271,85;7015,7;6920,26;6877,72;6416,06;6190,61;6697,51;6781,22;6797,64;6974,57;6996,14;7277,6;7165,17;6986,34
;3ce90e6f47b4;;;50;13.12.2025;Samstag;Dezember;2025;172139,75;172,14;6985,43;6959,84;6873,85;7003,66;6871,86;7037,77;6902,19;7057,82;7004,41;6566,78;6714,17;6783,43;6634,01;6772,19;6703,44;6610,25;6730,39;7093,5;7223,43;8223,49;8462,81;9794,1;7799,77;7331,16
;3ce90e6f47b4;;;50;12.12.2025;Freitag;Dezember;2025;223554,58;223,56;10516,49;10799,01;10566,52;10456,29;10296,37;10860,23;10350,1;13388,54;12924,59;13642,93;10945,08;11288,57;10243,42;8191,11;7175,26;6583,86;7046,45;6813;6730,01;6958,57;6827,9;7042,73;7014,78;6892,77
;3ce90e6f47b4;;;50;11.12.2025;Donnerstag;Dezember;2025;242505,25;242,5;6993,19;7212,8;7317,43;7340,39;7327,01;7435,03;9041,04;13806,7;14519,56;15055,14;16534,43;16621,59;13156,1;13951,53;11271,34;9181,72;8213,26;8462,82;8190,5;7338,86;7142,17;7386,37;7681,22;9813,69
;3ce90e6f47b4;;;50;10.12.2025;Mittwoch;Dezember;2025;224475,17;224,47;6912,37;6994,36;6940,59;6906,44;6707,48;6645,15;7079,52;7831,3;10479,32;15984,81;15677,44;14175,69;12414,53;12882,22;12037,17;10416,95;10306,35;10193,27;8973,6;6787,77;6877,06;7120,7;7047,84;7083,24
;3ce90e6f47b4;;;50;09.12.2025;Dienstag;Dezember;2025;222402,32;222,4;6740,8;6903,85;7033,94;6958,49;7095,75;7066,12;7350,69;11027,89;14519,8;13035,54;15704,19;12454,5;11628,83;11825,46;11790,61;9612,83;8708,01;10494,55;7637,88;7011,15;6992,44;6979,4;6940,56;6889,04
;3ce90e6f47b4;;;50;08.12.2025;Montag;Dezember;2025;219662,95;219,66;7299,52;7141,85;7196,93;7148,98;7164,34;7249,91;7499,99;10181,16;11188,75;15121,66;14682,45;12475,02;11680,94;11630,35;11805,94;9602;9803,19;9244,95;7587,86;6740,38;6837,17;6877,47;6735,6;6766,54
;3ce90e6f47b4;;;49;07.12.2025;Sonntag;Dezember;2025;176037,38;176,04;7407,85;7502,26;7543,98;7598,98;7621,76;7679,01;7608,04;7525,98;7494,24;7338,98;7364,81;7339,98;7097,05;7284,77;6983,35;6900,63;7238,96;7051,81;7199,05;7210,68;7162,65;7313,92;7217,5;7351,14
;3ce90e6f47b4;;;49;06.12.2025;Samstag;Dezember;2025;193488,67;193,49;8997,88;8638,73;8551,98;9040,96;10111,44;9355,16;8036,53;9873,43;7932,16;7238,95;7425,84;7681,95;7556,89;7474,64;7352,63;7421;7648,11;7654,49;7573,01;7633,94;7533,44;7613,52;7530,14;7611,85
;3ce90e6f47b4;;;49;05.12.2025;Freitag;Dezember;2025;236062,59;236,06;10136,99;9983,2;10573,64;10397,74;10574,07;10336,66;10896,91;13850,11;13410,98;12218,04;12955,68;12588,36;9193,11;7842,52;7965,42;7757,43;7926,61;8057,96;7725,96;7912,66;8034,6;8011,56;8233,01;9479,37
;3ce90e6f47b4;;;49;04.12.2025;Donnerstag;Dezember;2025;244124,04;244,12;7163,18;7028,93;7277,67;7103,16;7163,5;7443,78;7993,14;11700,3;12905,39;15334,54;14230,8;12891,07;12615,39;13035,53;10887,32;10894,49;9232,25;9308,96;9200,52;10532,82;9033,56;10065;10805,8;10276,94
;3ce90e6f47b4;;;49;03.12.2025;Mittwoch;Dezember;2025;223987,97;223,99;7060,75;7359,66;7179,53;7322,35;7318,07;7416,41;7716,51;12442,75;13098,55;12095,15;14482,25;14548,14;13471,06;11619,26;10773,81;9610,12;7792,38;8291,63;7684,71;7270,03;7106,09;7222,31;7136,06;7238,48
;3ce90e6f47b4;;;49;02.12.2025;Dienstag;Dezember;2025;242314,17;242,31;7710,76;8262,43;8144,07;8216,67;8011,13;7895,04;7946,36;8494,77;11123,38;14113,66;15934,95;25084,57;15677,8;13273,36;10361,49;9690,99;8673,04;7672,83;7577,79;7485,21;8159,93;8025,18;7952,17;6826,59
;3ce90e6f47b4;;;49;01.12.2025;Montag;Dezember;2025;247797,22;247,8;8913,78;9237,64;7838,26;9898,88;9024,99;7960,29;8964,67;9459,8;12666,47;15329,9;16980,06;15007,63;13337,01;14352,77;12609,72;10885,42;9409,44;8708,92;8774,67;8295,19;7929,46;7744,8;7332,3;7135,15
;3ce90e6f47b4;;;48;30.11.2025;Sonntag;November;2025;168907,23;168,91;6835,06;6906,3;6933,46;6960,88;6944,99;6877,02;7050,31;6989,11;7010,13;6894,5;6687,77;6810,51;6769,06;6692,02;6631,11;6575,19;6637,98;6778,58;6988,1;7453,9;7867,1;7819,67;8019,31;7775,17
;3ce90e6f47b4;;;48;29.11.2025;Samstag;November;2025;165716,79;165,72;6969,29;7193,46;7219,59;7085,87;7036,41;7200,7;7089,21;7010,59;6974,38;6883,93;6794,09;6562,13;6647,71;6554,36;6578,42;6651,17;6485,91;6758,97;6911,46;6992,41;7101,14;6953,22;7064,31;6998,06
;3ce90e6f47b4;;;48;28.11.2025;Freitag;November;2025;197335,65;197,34;7205,5;7319,12;7317,98;7274,96;7328,47;7222,6;7312,36;9805,91;10668,55;10729,34;12305,12;11398,56;12087,97;8610,27;7380,77;7658,2;7259,82;7002,94;6936,23;6948,3;6897,55;6847,21;6893,53;6924,39
;3ce90e6f47b4;;;48;27.11.2025;Donnerstag;November;2025;245055,22;245,06;12844,07;13672,75;12926,07;12334,68;12556,85;12911,19;12850,96;12387,68;15399,54;15725,71;16041,72;18075,67;18746,04;13972,7;10682,01;10880,96;10263,75;8207,64;8078,31;7233,23;7245,38;7416,75;7388,69;7212,87
;3ce90e6f47b4;;;48;26.11.2025;Mittwoch;November;2025;250426,03;250,43;13575,28;13236,45;13382,84;12874,27;12472,06;13232,98;13213,94;13831,54;17271,66;19578,06;21290,32;20955,72;19664,29;16677,07;16311,4;11556,86;10793,13;11448,37;12889;12774,47;13022,14;13433,77;13577,6;13362,81
;3ce90e6f47b4;;;48;25.11.2025;Dienstag;November;2025;237250,57;237,25;8467,3;8476,03;8521,75;8400;8615,09;8461,12;8564,96;8631,39;15372,78;15058,87;15819,05;22052,06;22774,11;21863,87;21964,98;18598,74;17016,09;15001,41;15294,68;14320,63;14251,68;13508,07;12914,04;13301,87
;3ce90e6f47b4;;;48;24.11.2025;Montag;November;2025;244299,43;244,3;6671,03;6681,87;6726,3;6715,9;6720,24;6731,23;6653,25;7031,57;10572,84;12364,34;13152,8;13904,98;14296,16;14304,57;15501,39;15820,63;12647,19;10973,88;11755,13;11242,5;8758,09;8407,01;8343,92;8322,61
;3ce90e6f47b4;;;47;23.11.2025;Sonntag;November;2025;157596,03;157,6;6582,1;6630,01;6677,38;6619,95;6661,32;6660,15;6631,09;6768,82;6716,01;6492,42;6359,49;6361,03;6407,2;6532,45;6306,84;6329,12;6346,75;6569,54;6620,02;6613,5;6586,72;6749,44;6710,94;6663,74
;3ce90e6f47b4;;;47;22.11.2025;Samstag;November;2025;185173,62;185,17;9928,07;8167,6;8615,59;8733,17;8758,55;8850,27;8666,84;8793,88;8611,55;8340,7;8323,13;8501,9;8456;7757,04;6750,82;6136,03;6127,43;6185,82;6406,98;6502,13;6604,18;6701,89;6580,65;6673,4
;3ce90e6f47b4;;;47;21.11.2025;Freitag;November;2025;261727;261,73;9558,66;10396,64;10301,28;10845,14;10347,95;10914,31;10668,86;11911,07;17193,65;17280,12;17637,48;14712,8;15862,95;11206,41;8186,3;7265,65;7173,22;6988,95;8289,85;8117,72;7984,65;8505,66;9769,79;10607,89
;3ce90e6f47b4;;;47;20.11.2025;Donnerstag;November;2025;226431,16;226,43;10552,67;10385,54;9971,79;10992,62;11047,61;10667,24;10627,4;12295,05;13934,89;13955,42;18510,9;18939,04;14266,86;11551,84;12638,94;10424,02;9086,94;8456,82;8891,45;10213,43;10388,82;8907,03;9907,32;9817,52
;3ce90e6f47b4;;;47;19.11.2025;Mittwoch;November;2025;224468,74;224,47;9838,78;9433,59;9590,23;9978,08;9786,85;9903,94;10198,03;9940,48;10937,84;12102,78;16487,93;15873,16;16937,59;16228,12;14822,37;13045,53;11481,55;9844,25;8598,61;8942,94;9632,43;10214,33;10497,3;10152,03
;3ce90e6f47b4;;;47;18.11.2025;Dienstag;November;2025;228036,17;228,04;10572,25;10748,39;11050,48;11094,23;11119,66;11133,95;10984,68;11529,05;15719,58;16405,03;18838,34;16011,35;17293,36;16187,82;16347,74;13456,93;10985,51;9330,56;8827,9;10754,45;10010,4;10338,63;9773,72;9522,16
;3ce90e6f47b4;;;47;17.11.2025;Montag;November;2025;264435,26;264,44;8497,75;8742,13;8756,05;8734,91;8594,81;8729,74;8736,37;8526,18;9918,85;11710,85;13731,28;16283,44;15755,9;15983,44;14298,46;12227,88;10699,65;9951,43;9906,2;11064,93;11209,68;10609,26;10832,81;10933,26
;3ce90e6f47b4;;;46;16.11.2025;Sonntag;November;2025;188324,22;188,32;6760,42;6760,33;6840,84;6782,06;6809,42;6840,37;6666,82;6865,89;8315,26;8662,24;8166,64;8191,63;8151,47;8218,72;8357,47;8119,68;8121,36;8194,66;8398,17;8529,95;8563,82;8787,15;8508,24;8711,61
;3ce90e6f47b4;;;46;15.11.2025;Samstag;November;2025;160579,09;160,58;6632,76;6868,48;6862,44;6796,91;6915,8;6827,5;6865,54;6773,1;6839,33;6704,42;6446,57;6463,52;6416,32;6459,28;6439,46;6428,56;6501,45;6777,8;6744,54;6720,31;6763,91;6841,73;6717,8;6771,56
;3ce90e6f47b4;;;46;14.11.2025;Freitag;November;2025;187811,12;187,81;6939,04;7051,5;7043,65;6967,37;6796,41;6736,44;6620,08;6915,71;9788,41;12002,79;11098,32;10489,67;11336,82;9846,33;7302,68;7236,16;6799,26;6776,88;6692,49;6625,25;6661,07;6673,2;6728,55;6683,04
;3ce90e6f47b4;;;46;13.11.2025;Donnerstag;November;2025;209376,41;209,38;6841,94;6765,34;6693,38;6712,55;6696,97;6911,26;6851,01;7365,21;11398,05;11502,91;13628,48;12471,5;11964,19;12496,46;11955,89;10295,81;9101,67;7706,36;7171,95;7347,13;7292,94;6820,76;6739,16;6645,49
;3ce90e6f47b4;;;46;12.11.2025;Mittwoch;November;2025;221916,06;221,92;7208,87;7845,53;7843,99;7685,81;7732,67;7470,76;7284,43;7596,57;11463,91;13022,15;14240,05;14477,8;14384,76;12519,33;12254,99;10592,59;8621,76;7437,77;7075,05;7273,17;7000,88;6918,86;6968,46;6995,9
;3ce90e6f47b4;;;46;11.11.2025;Dienstag;November;2025;215815,12;215,81;8104,67;8478,58;8071,01;7990,79;7275,5;7368,49;7105,64;7825,32;10021,66;13386,87;11527,21;13128,82;11366,63;12913,8;12691,96;10510,48;7680,64;7048,71;7333,29;7667,03;7550,18;6949,9;6928,31;6889,63
;3ce90e6f47b4;;;46;10.11.2025;Montag;November;2025;236701,04;236,7;8544,82;8549,81;8562,12;8513,74;8677,99;7848,77;8642,56;9322,38;13174,16;12558,58;13686,67;14978,26;14386,44;12549,48;11137,2;10515,32;9273,48;8213,05;9109,17;8252,57;7769,79;7500,7;7402,53;7531,45
;3ce90e6f47b4;;;45;09.11.2025;Sonntag;November;2025;172755,27;172,75;7074,31;7029,01;7247,91;7363,15;7232,09;7112,34;6996,05;7135,4;7091,26;6707,7;6992,77;6805,99;6767,48;6683,16;6546,98;6694,93;6520,6;6650,88;6962,23;7142,39;8396,92;8461,24;8473,7;8666,78
;3ce90e6f47b4;;;45;08.11.2025;Samstag;November;2025;168078,36;168,08;6910,97;6940;7105,41;7012,39;7195,98;7167,99;7204,7;7251,29;7023;6759,45;6638,51;6622,33;6630,33;7062,37;6734,99;6942,09;6868,72;7018,01;7184,18;7208,73;6966,85;7092,4;7228,13;7309,54
;3ce90e6f47b4;;;45;07.11.2025;Freitag;November;2025;189144,28;189,14;8488,81;8444,12;8560,23;8605,52;8580,13;8358,86;8306,46;8372,58;9578,23;9406,51;9270,13;9086,21;8465,09;7718,86;7251,65;6974,91;6542,44;6256,65;6705,89;6737,1;6850,61;6768,99;6933,28;6881,02
;3ce90e6f47b4;;;45;06.11.2025;Donnerstag;November;2025;231859,77;231,86;7911,81;8229,81;8314,18;8579,94;8759,59;8525,95;8735,01;8974,72;12403,77;13070,42;15071,63;12813,53;13083,71;12557,56;12476,16;11255,91;10446,85;7858,92;7243,09;7125,27;6797,75;6673,31;7105,23;7845,65
;3ce90e6f47b4;;;45;05.11.2025;Mittwoch;November;2025;215197,6;215,2;6849,95;6838,49;6966,84;6937,59;7037,86;6980,47;7037,61;7408,19;9927,93;13821,07;14708,58;13592,47;12677,61;12653,62;11711,24;10940,56;9414,52;7884,78;7122,09;7055,94;6926,67;6597,48;6875,85;7230,19
;3ce90e6f47b4;;;45;04.11.2025;Dienstag;November;2025;211300,58;211,3;7030,26;6856,07;6938,38;7110,12;7066,17;7171,47;6969,2;7592,01;10083,71;10790,21;14537,61;13339,51;11917,62;11833,84;11366,67;11636,91;9490;7441,7;7324,2;7314,08;6964,23;6659,17;6943,42;6924,02
;3ce90e6f47b4;;;45;03.11.2025;Montag;November;2025;227786,49;227,79;7310,93;7779,43;7910,53;7822,61;8301,39;8108,44;8181,06;8494,19;12947,19;11803,46;15020,07;14797,86;13819,73;12559,23;11772,97;10823,17;8973,34;8033,3;7478,91;7600,42;7291,27;6842,75;7140,02;6974,22
;3ce90e6f47b4;;;44;02.11.2025;Sonntag;November;2025;166936,24;166,94;7094,1;7160,34;7345,21;7396,8;7428,31;7255,63;7357,32;7162,24;6853,98;7034,77;6873,72;6625,75;6629,74;6472,47;6520,72;6460,4;6431,8;6388,56;6869,76;7178,6;7112,11;7062,46;7085,97;7135,48
;3ce90e6f47b4;;;44;01.11.2025;Samstag;November;2025;171430,18;171,43;9316,65;8046,41;7805,96;7157,2;7452,73;7233,54;7345,22;7408,52;7248,58;6827,44;6416,14;6447,44;6577,98;6484,73;6439,66;6520,19;6553,17;6777,46;7146,37;7340,86;7374,18;7174,64;7141,17;7193,94
;3ce90e6f47b4;;;44;31.10.2025;Freitag;Oktober;2025;174336;174,34;7219,85;7235,25;7243,56;7363,35;8395,54;8201,82;8310,28;8397,3;8112,92;7691,38;6886,64;6608,61;6770,89;6690,76;6509,48;6566,52;6564,5;6466,8;6786,38;6761,26;6837,5;7186,71;7230,79;8297,91
;3ce90e6f47b4;;;44;30.10.2025;Donnerstag;Oktober;2025;216969,09;216,97;7164,82;7559,78;7545,57;7509,35;7553,37;7726,87;7815,09;8622,83;11060,2;10904,03;12848,19;13171,58;12258,87;10717,75;13272,7;11684,67;9084,08;6850,42;7097,82;7566,89;7322,98;7219,59;7223,97;7187,67
;3ce90e6f47b4;;;44;29.10.2025;Mittwoch;Oktober;2025;209507,9;209,51;6909,78;6866,47;6980,68;6941,33;6906,67;6907,42;6889,47;7210,18;8787,77;10003,89;12650,68;14036,62;12711,21;13375,95;12862,69;10627,71;8210,96;7208,51;7280,89;7507,69;7088,82;7141,44;7258,18;7142,89
;3ce90e6f47b4;;;44;28.10.2025;Dienstag;Oktober;2025;220578,91;220,58;8157,39;8227,23;8206,35;7990,26;7875,84;8054,11;7906,92;8683,9;11692,67;11956,27;12124,69;13502,6;12578,49;11925,92;12424,98;10614,91;8897,03;7500,27;7800,63;7041,99;6784,08;6836,77;6930,03;6865,58
;3ce90e6f47b4;;;44;27.10.2025;Montag;Oktober;2025;217449,97;217,45;7914,75;6945,87;7776,94;8121,88;7933,11;7576,12;6926,8;7080,59;10561,71;11293,4;12680,81;13944,01;13526,27;12590,05;11379,08;9986,47;8272,84;7363,96;6980,99;7564,76;7191,27;7849,69;8110,34;7878,26
;3ce90e6f47b4;;;43;26.10.2025;Sonntag;Oktober;2025;171840,04;171,84;7654,09;8027,84;7920,76;7933,85;7848,28;7797,94;7665,6;7911,66;8057,34;7440,74;6314,74;6318,41;6274,42;6190,56;6425,62;6216,74;6190,45;6245,82;6838,4;6980,85;6900,37;7038,09;7613,64;8033,83
;3ce90e6f47b4;;;43;25.10.2025;Samstag;Oktober;2025;166178,55;166,18;6947,7;7080,54;7104,78;7036;7036,88;7681,65;7310,65;6829,13;6880,73;6473,97;6473,37;6336,47;6301,21;6413,34;6384,23;6338,17;6549,54;6339,09;6640,49;6878,71;7342,18;7994,04;7979,96;7825,72
;3ce90e6f47b4;;;43;24.10.2025;Freitag;Oktober;2025;180280,02;180,28;6668,45;6886,1;6760,38;6856,84;6756,73;6794,01;7910,96;9406,82;11205,44;9437,19;9330,4;10683,02;8060,1;6740,4;6941,91;6661,55;6426,5;6355,73;6687,09;6901,14;6607,22;6740,36;6640,63;6821,05
;3ce90e6f47b4;;;43;23.10.2025;Donnerstag;Oktober;2025;209601,55;209,6;6891,21;6833,19;6900,19;7070,92;6884,53;6691,09;8663,68;11359,75;11978,41;13066,56;13085,06;12292,37;11653,42;11138,99;10205,07;8380,12;7968,86;6454,67;6995,35;7086,46;7056,37;6991,65;7058,52;6895,11
;3ce90e6f47b4;;;43;22.10.2025;Mittwoch;Oktober;2025;211901,37;211,9;6641,87;6752,87;6652,85;6827,87;6669,38;6707,71;7415,65;11778,96;11254,64;14658,19;14057;13815,28;12817,43;12404,96;9952,35;7749,66;7486,34;6648,16;6908,08;7037,24;6895,25;6912,51;6951,38;6905,74
;3ce90e6f47b4;;;43;21.10.2025;Dienstag;Oktober;2025;211147,54;211,15;6605,56;6737,75;6759,42;7004,28;6997,94;6877,37;7425,12;11152,03;11591,12;14348,86;14751,63;11895,74;12227,51;11877,86;10016,36;8705,77;7304,35;6871,83;7142,65;7210,06;6951,86;6915,94;6921,45;6855,08
;3ce90e6f47b4;;;43;20.10.2025;Montag;Oktober;2025;214681,47;214,68;7946,8;7882,44;7608,53;7311,87;6785,12;6494,07;7129,95;10971,63;13411,78;14877,23;13632,17;12669,82;11509,4;13181,67;10110,35;8277,6;7394,57;6878,24;6962,63;6930,82;6722,41;6680,26;6633,37;6678,74
;3ce90e6f47b4;;;42;19.10.2025;Sonntag;Oktober;2025;168872,63;168,87;7717,13;7759,47;7684,77;7708,77;7802,21;7934,39;8849,19;7928,18;7664,52;8074,76;6665,65;6176,19;6065,88;6058,94;6292,83;6535,24;6464,34;6060,44;6197,23;6442,6;6425,55;6423,31;6493,21;7447,83
;3ce90e6f47b4;;;42;18.10.2025;Samstag;Oktober;2025;166906,05;166,91;6829,54;6860,96;6840,7;7027,87;7056,78;7772,93;8124,17;8102,65;7638,05;7672,78;7155,29;6237,47;6429,41;6731,63;6637,73;6647,83;6601,89;6571,23;6237,47;6441,4;6485,97;6369,08;6834,74;7598,48
;3ce90e6f47b4;;;42;17.10.2025;Freitag;Oktober;2025;189439,84;189,44;7401,16;7322,88;7415,49;7569,16;7445,31;7398,48;8020,18;11145,02;10325,55;10511,44;10453,23;10900,62;9289,7;7090,29;7061,62;6926,76;6691,16;6410,39;6301,26;6813;6794,58;6801,71;6673,86;6676,99
;3ce90e6f47b4;;;42;16.10.2025;Donnerstag;Oktober;2025;239143,5;239,14;6604,61;6670,23;6653,19;6622,96;6624,52;6509,56;7114,47;9893,79;11298,4;13535,18;15854,39;16298,28;16156,54;13996,25;12885,08;10658,23;9919,87;9680,13;9514,97;9308,18;9062,44;9167,51;7632,27;7482,45
;3ce90e6f47b4;;;42;15.10.2025;Mittwoch;Oktober;2025;217445,19;217,44;6537,48;6606,93;6663,9;6645,55;6575,11;6427;7111,61;9484,6;13890,01;14976,45;15706,01;14801,86;12940,22;12857,42;11043,64;9328,65;7447,74;7362,48;7270,89;7123,16;6675,82;6649,2;6646,23;6673,23
;3ce90e6f47b4;;;42;14.10.2025;Dienstag;Oktober;2025;217384,03;217,38;6445,25;6493,32;6564,05;6503,38;6446,83;6574,15;6778,95;9727,6;10281,93;13342,84;14890,69;15864,96;14819,32;14493,14;12371,35;9526,94;8068,87;7632,94;7278,9;6824,72;6615,15;6584,42;6597,86;6656,47
;3ce90e6f47b4;;;42;13.10.2025;Montag;Oktober;2025;211520,56;211,52;6225,11;6324,73;6348,51;6333,36;6188,84;6231,59;6732,21;10085,99;11645,22;13290,43;15235,01;15154,79;13330,59;13424,48;10949,82;9833,81;7758,55;7086,3;6590,78;6895,92;6427,1;6445,99;6511,49;6469,94
;3ce90e6f47b4;;;41;12.10.2025;Sonntag;Oktober;2025;147132,79;147,13;6263,03;6284,64;6347,09;6239,51;6277,85;6256,24;6248,8;6255,95;5902,22;5903,24;6044,57;5873,81;5930,48;5924,53;5994,99;6025,2;5868,88;5959,92;6074,59;6293,26;6292,6;6225,62;6338,53;6307,24
;3ce90e6f47b4;;;41;11.10.2025;Samstag;Oktober;2025;147998,45;148;6343,83;6376,22;6475,75;6385,43;6461,58;6360,81;6336,38;6332,63;6063,15;5932,41;6045,71;5922,3;5966,93;5925,75;5970,39;5946,4;5958,31;5885,16;6118,83;6230,39;6216,75;6239,87;6197,94;6305,53
;3ce90e6f47b4;;;41;10.10.2025;Freitag;Oktober;2025;173811,32;173,81;6101,5;6264,51;6255,21;6232,56;6234,52;6133,2;6530,26;9211,07;9250,02;10210,39;10557,06;10029,53;9733,5;7530,93;6573,91;6301,91;6437,33;6255,38;6384,35;6472,71;6334,25;6288,02;6200,74;6288,46
;3ce90e6f47b4;;;41;09.10.2025;Donnerstag;Oktober;2025;202723,49;202,72;6579,48;6661,46;6555,09;6473,99;6480,34;6517,84;6942,33;9278,68;9485,4;13862,15;13384,21;12993,67;12756,2;12435,75;11978,18;8262,63;7032,84;6901,18;6916,68;6308,52;6228,58;6250,6;6232,66;6205,03
;3ce90e6f47b4;;;41;08.10.2025;Mittwoch;Oktober;2025;213495,45;213,5;6488,44;6522,91;6607,17;6409,04;6455,84;6483,59;6886,29;9065,4;12712,73;14283,99;14571,78;13784,79;14200,95;14204,55;10714,08;8901,81;7608,14;7386,32;7204,21;6792,17;6604,32;6421,97;6596,67;6588,29
;3ce90e6f47b4;;;41;07.10.2025;Dienstag;Oktober;2025;203376,7;203,38;6536,82;6492,64;6555,16;6445,23;6476,69;6570,97;6855,74;8238,98;9574,25;13061,64;13901,59;12725,88;12100,18;12175,45;11490;9600,05;7555,86;7211,13;6960,82;6740,07;6517,15;6478,6;6627,1;6484,7
;3ce90e6f47b4;;;41;06.10.2025;Montag;Oktober;2025;213034,37;213,03;6465,78;6557,75;6682,87;6559,58;6582,26;6582,06;6970;8565,51;11149,86;14841,88;15504,42;14801,39;13047,18;12755,48;10986,22;9709,17;7965,04;7263,61;7287,36;6706,52;6538,66;6495,89;6568,65;6447,23
;3ce90e6f47b4;;;40;05.10.2025;Sonntag;Oktober;2025;153841,16;153,84;6600,32;6568,16;6726,14;6544,55;6559,1;6547,9;6626,74;6483,42;6254,4;6226,83;6234,36;6188,59;6131,64;6221,57;6201,2;6206,71;6255,04;6163,73;6358,27;6537,86;6598,67;6643,8;6483,89;6478,27
;3ce90e6f47b4;;;40;04.10.2025;Samstag;Oktober;2025;156505,2;156,5;6667,18;6797,97;6706,27;6685,64;6674,77;6619,17;6651,06;6564,38;6392,9;6356,04;6264,85;6210,85;6205,91;6275,41;6477,56;6673,31;6581,34;6235,42;6438,7;6627,67;6611,98;6612,87;6585,8;6588,15
;3ce90e6f47b4;;;40;03.10.2025;Freitag;Oktober;2025;154921,7;154,92;6511,98;6591,31;6673,77;6689,13;6594,82;6549,87;6646,25;6533,87;6443,53;6308,75;6326,84;6283,04;6240,83;6333,66;6321,35;6317,08;6262,83;6242,61;6350,17;6476,31;6518,68;6535,53;6553,88;6615,61
;3ce90e6f47b4;;;40;02.10.2025;Donnerstag;Oktober;2025;204149,63;204,15;6450,24;6475,05;6529,8;6429,79;6376,43;6329,69;6946,14;11369,25;10048,9;12628,81;13747,85;11135,01;12027,37;12055,05;10643,22;8325,22;8290,47;7520,81;7110,74;6977,98;6721,09;6650,24;6748,11;6612,37
;3ce90e6f47b4;;;40;01.10.2025;Mittwoch;Oktober;2025;196866,36;196,87;6458,49;6380,65;6499,76;6333,53;6333,74;6444,82;6786,28;9841,1;9361,77;11072,16;11142,43;12657,58;11598,93;12050,28;11078,08;10477,18;6991,1;6869,73;6339,67;6308,71;6420,87;6435,28;6527,1;6457,12
;3ce90e6f47b4;;;40;30.09.2025;Dienstag;September;2025;202825,4;202,82;6829,04;6797,73;6650,42;6498,94;6535,53;6800,59;7016,11;9749,97;11799,47;11249,46;11173,31;12597,64;12937,87;11664,64;10509,77;9080,79;7574,36;7386,5;7231,9;6759,45;6527,42;6578,65;6471,29;6404,55
;3ce90e6f47b4;;;40;29.09.2025;Montag;September;2025;217267,84;217,27;6168,27;6156,02;6177,97;6136,94;6116,78;6109,32;6294,91;12237,93;12311,89;12814,59;14953,93;14818,19;14565,46;12880,15;11300,48;9478,27;7747,45;7292,82;7658,07;7350,34;7050,15;6837,29;6857,65;6851,17
;3ce90e6f47b4;;;39;28.09.2025;Sonntag;September;2025;143885,96;143,89;6147,56;6265,28;6153,54;6182,92;6222,38;6223,92;6257,77;6069,4;5957,87;5798,93;5770,03;5733,62;5763,13;5810,24;5799,11;5798,86;5764,19;5806,85;5777,13;6042,87;6132,87;6121,85;6136,04;6149,6
;3ce90e6f47b4;;;39;27.09.2025;Samstag;September;2025;144452,78;144,45;6277,83;6283,61;6260,77;6277,59;6281,07;6287,9;6193,12;6049,76;5860,49;5841,7;5864,06;5730,18;5817,4;5814,6;5736,25;5794;5719,08;5861,17;5804,03;6093,63;6150,8;6122,41;6172,7;6158,63
;3ce90e6f47b4;;;39;26.09.2025;Freitag;September;2025;197862,93;197,86;6472,45;6645,66;6428,75;6458,51;6325,67;6433,05;6459,03;12245,86;13526,3;12192,54;11048,54;16112,2;13277,99;12318,17;6844,9;6023,57;6097,36;6027,87;5905,39;6178,17;6240,88;6344,6;6129,43;6126,04
;3ce90e6f47b4;;;39;25.09.2025;Donnerstag;September;2025;215384,46;215,38;6658,73;6813,06;6502,58;6566;6462,85;6227,71;6613,13;9069,83;10316,75;12037,08;15707,16;13980,71;14800,28;13842;11907,74;9876,91;9365,79;7220,31;7410,21;7225,53;6810,49;6622,9;6711,27;6635,44
;3ce90e6f47b4;;;39;24.09.2025;Mittwoch;September;2025;211471,99;211,47;6778,49;6691,94;6636,87;6550,57;6438,22;6479,66;6690,58;7545,19;11624,6;11782,27;13409,05;11354,07;11480,09;15478,93;12719,25;10125,26;8390,53;7933,44;7832,36;7224,07;7263,58;7219,65;6875,52;6947,8
;3ce90e6f47b4;;;39;23.09.2025;Dienstag;September;2025;217303,89;217,3;6792;6704,37;6718,29;6779;6554,72;6582,37;6578,79;8583,6;11867;11721,84;13934,61;13706,09;12912;12697,41;12144,3;13164,26;8365,27;8538,17;7543,79;7490,85;7123,31;6972,64;7080,1;6749,11
;3ce90e6f47b4;;;39;22.09.2025;Montag;September;2025;205923,91;205,92;6526,28;6487,62;6477,93;6502,92;6459,69;6513,88;6596,67;8759,23;10794,18;12809,22;12788,92;10734,12;11515,23;12725,58;11497,75;8788,81;8540,56;8429,06;7569,77;7477,07;7154,1;7170,27;6871,45;6733,6
;3ce90e6f47b4;;;38;21.09.2025;Sonntag;September;2025;155707,18;155,71;6573,67;6739,47;6618,77;6532,35;6724,51;6594,64;6637,33;6305,33;6232,33;6375,76;6160,58;6315,69;6602,66;6610,56;6740,16;6643,32;6506,45;6408,31;6242,55;6352,87;6395,76;6455,26;6478,93;6459,92
;3ce90e6f47b4;;;38;20.09.2025;Samstag;September;2025;162156,43;162,16;6900,07;6804,61;6800,9;6616,81;6720,83;6639,41;6546,39;6228,59;6311,41;6375,73;6493,62;6951,56;7229,9;7263,25;7131,18;6908,15;7036,46;7032,04;6637,28;6731,15;6867,89;6719,88;6650,27;6559,05
;3ce90e6f47b4;;;38;19.09.2025;Freitag;September;2025;190237,69;190,24;6695,47;6874,7;6667,28;6521,92;6462,48;6461,46;6647,01;10525,16;10372,49;12125,78;10934,4;11172,25;10563,52;7633,43;7814,58;7358,54;7234,88;7261,11;6951,21;6788,5;6896,88;6872,04;6751,65;6650,95
;3ce90e6f47b4;;;38;18.09.2025;Donnerstag;September;2025;200266,05;200,27;6400,79;6366,92;6222;6245,11;6240,38;6203,89;6296,01;8946,21;11069,09;11958,96;15038,16;11674,24;11100,48;11617,41;11106,99;8059,2;7789,65;6981,04;7074,26;6802,82;6891,44;6724,52;6766,23;6690,25
;3ce90e6f47b4;;;38;17.09.2025;Mittwoch;September;2025;190860,95;190,86;6369,15;6512,57;6383,36;6424,63;6422,92;6259,9;6861,62;8829,08;10652,67;11054,48;12836,5;10206,25;10745,51;10935,6;10407,36;7428,48;7315,32;6272,38;6568,16;6598,74;6257,75;6342,55;6444,41;6212,67
;3ce90e6f47b4;;;38;16.09.2025;Dienstag;September;2025;204812,81;204,81;6673,45;6596,54;6572,47;6504,47;6522,81;6433,53;6613,52;9796,52;12931,71;11529,14;12693,64;13198,16;11936,45;11447,33;10377,03;8867,07;8060,04;7760,31;6968,07;6701,21;6812,75;6608,11;6664,22;6544,26
;3ce90e6f47b4;;;38;15.09.2025;Montag;September;2025;199774,99;199,78;6585,58;6652,35;6441,52;6597,91;6637,29;6514,01;6734,85;9107,86;10933,04;11850,98;13029,22;10501,28;10832,74;11271,11;10737,45;8377;8150,91;7583,25;7554,4;6939,29;6729,16;6801,5;6569,27;6643,02
;3ce90e6f47b4;;;37;14.09.2025;Sonntag;September;2025;160596,75;160,6;6617,28;6553,27;6449,02;6417,94;6502,24;6509,5;6469,71;5468,86;6315,27;6202,4;6442,69;6488,45;6750,11;7102,78;7119,77;7148,59;7242,84;7086,83;7051,68;6832,39;6989,33;6784,73;6681,83;6792,95
;3ce90e6f47b4;;;37;13.09.2025;Samstag;September;2025;159818,23;159,82;6552,9;6688,1;6661,68;6599,61;6468,51;6674,39;6481,9;6215,42;6271,02;6201,95;6380,33;6488,41;6675,92;6842,93;6707,88;6902,49;7276,64;7074,65;6984,33;6809,98;6945,09;6758,47;6660,12;6495,51
;3ce90e6f47b4;;;37;12.09.2025;Freitag;September;2025;177910,32;177,91;6792,8;6695,7;6460,49;6513,66;6461,06;6473,66;6933,57;8968,15;8365,98;9227,3;8956,25;9716,87;8979,38;7555,46;7376,79;7494,68;7667,67;7302,86;6684,96;6683,25;6821,91;6682,36;6694,84;6400,67
;3ce90e6f47b4;;;37;11.09.2025;Donnerstag;September;2025;216237,35;216,24;6671,32;6565,4;6491,18;6465,24;6349,12;6316,73;6800,04;8687,99;11118,41;13008,08;16098,28;12960,4;14508,19;13654,15;11737,74;10009,34;8932,4;7989,07;7646,34;6912,5;6906,73;6945,29;6809,75;6653,66
;3ce90e6f47b4;;;37;10.09.2025;Mittwoch;September;2025;203615,03;203,62;6867,68;6941,44;6844,9;6820,48;6644,96;6717,8;7128,49;7390,03;9800,96;10811,98;12695,6;13672,08;12211,97;12863,49;11507,24;10578,34;7332,19;7495,49;6608,14;6401,86;6678,47;6576,16;6547,92;6477,36
;3ce90e6f47b4;;;37;09.09.2025;Dienstag;September;2025;228078,47;228,08;7239,18;7178,93;7053,61;6987,49;6995,45;6953,42;7324,68;9127;12580,26;13979,17;13583,06;16265,28;15010,84;14212,64;12788,17;11391,56;9370,22;7845,27;7186,53;6888,89;7064,14;7075,24;6995,9;6981,54
;3ce90e6f47b4;;;37;08.09.2025;Montag;September;2025;221426,41;221,43;6748,87;6622,15;6678,98;6627,41;6584,48;6546,4;6969,89;10101,54;12263,62;12146,54;13322,16;14036,05;13155,63;14019,54;12752,78;11093,32;8930,98;8096,41;7671,64;7564,53;7577,63;7363,97;7302,74;7249,15
;3ce90e6f47b4;;;36;07.09.2025;Sonntag;September;2025;161340,02;161,34;6732,78;6642,57;6618,45;6673,43;6593,02;6630,91;6545,94;6348,81;6835,65;6808,41;6793,52;6906,26;6991,26;7007,06;6899,71;6859,43;6998,51;6720,74;6698,57;6464,34;6590;6706,07;6594,98;6679,6
;3ce90e6f47b4;;;36;06.09.2025;Samstag;September;2025;161181,79;161,18;6721,4;6764,55;6734,09;6774,98;6768,48;6688,36;6607,46;6471,22;6807,11;6834,53;6784,85;6773,33;6957,94;6880,43;6849,53;6844,01;6781,69;6842,16;6337,48;6360,05;6585,56;6667,99;6777,02;6567,57
;3ce90e6f47b4;;;36;05.09.2025;Freitag;September;2025;176829,06;176,83;7300,93;7279,1;7099,62;7148,41;6869,03;6799,44;7434,46;7609,71;8345,96;9739,45;9522,72;8565,56;8202,5;8120,8;7228,22;6800,83;6683,88;6457,71;6444,35;6356,64;6781,27;6772,19;6627,79;6638,49
;3ce90e6f47b4;;;36;04.09.2025;Donnerstag;September;2025;226722,07;226,72;7510,94;7482,6;7366,82;7317,1;7165,9;7077,34;7402,74;10552,63;12629,32;14122;13934,7;13113,34;11897,37;12239,85;12018,36;12125,2;8822,55;8260,06;8194,46;7511,71;7702,35;7470,15;7431,51;7373,07
;3ce90e6f47b4;;;36;03.09.2025;Mittwoch;September;2025;213424,9;213,43;6751,71;6593,3;6664,31;6712,66;6608,34;6645,54;6979,5;9446,85;10212,42;11882,34;12400,38;12477,88;12700,69;12263,85;12173,08;9047,28;8844,21;8598,42;8107,06;7799,97;7721,45;7739,16;7515,73;7538,77
;3ce90e6f47b4;;;36;02.09.2025;Dienstag;September;2025;218056,15;218,06;6894,79;6923,1;6811,47;6749,09;6634,65;6764,74;7044,4;9580,87;11449,54;14503,29;14421,2;14598,71;13663,89;12605,48;12406,07;11142,19;7945,41;7254,95;6866,84;6740,63;6840,06;6782,98;6790,36;6641,44
;3ce90e6f47b4;;;36;01.09.2025;Montag;September;2025;225727,56;225,73;6839,36;6711,42;6583,74;6473,92;6473,48;6703,79;7167,27;8319,9;11810,28;16381,78;15439,15;14922,96;13772,51;14298,7;13585,85;11546,16;8725,48;7573,53;7789,92;6896,25;6857,22;6992,26;6894,19;6968,44
;3ce90e6f47b4;;;35;31.08.2025;Sonntag;August;2025;153475,45;153,47;6750,14;6600,09;6560,13;6565,21;6656,22;6447,16;6326,52;6179,17;6225,58;6349,7;6168,77;6022,76;6104,88;6097,08;6574,62;6432,77;6358,17;6309,34;6211,59;6474,12;6545,55;6494,84;6529,97;6491,07
;3ce90e6f47b4;;;35;30.08.2025;Samstag;August;2025;156273,29;156,27;6704,05;6628,11;6773,04;6860,48;6657,6;6602,81;6533,87;6513,32;6627,04;6392,85;6292,19;6232,47;6368,12;6493,13;6538,65;6312,83;6363,02;6381,69;6449,8;6317,3;6327,92;6544,28;6608,64;6750,08
;3ce90e6f47b4;;;35;29.08.2025;Freitag;August;2025;183995,82;184;7465,76;7651,14;7473,52;7269,69;7413,24;7248,76;7610,6;10603,66;10209,19;9333,83;9127,92;9742,98;10025,45;7914,17;7117,43;6837,12;6650,84;6127,1;6006,96;6264,15;6278,84;6346,5;6624,45;6652,52
;3ce90e6f47b4;;;35;28.08.2025;Donnerstag;August;2025;240251;240,25;7435,09;7343,31;7204,44;6995,35;7100,61;7078,79;7413,19;11028,92;13488,84;13490,73;14558,47;13925,89;14044,94;14773,02;14546,68;12559,77;10627,16;8785,11;8487,62;7950,54;8016,64;7861,35;7796,55;7737,99
;3ce90e6f47b4;;;35;27.08.2025;Mittwoch;August;2025;214313,14;214,31;7057,79;7000,4;7007,98;6868,65;6817,32;6838,87;6928,87;7605,21;9381,35;11327,79;14239,93;13597,15;13308,35;13038,67;11757,31;10082,01;8649,33;7571;7884,15;7448,88;7559,42;7568,32;7359,49;7414,9
;3ce90e6f47b4;;;35;26.08.2025;Dienstag;August;2025;228644,42;228,64;7405,59;7431,76;7460,07;7201,37;7210,42;7063,52;7314,01;8886,08;10073,98;14509,5;12764,2;16121,12;15181,67;15073,06;13456,49;9530,53;9128,09;8288,27;8084,3;7334,69;7245,01;7350,86;7291,18;7238,65
;3ce90e6f47b4;;;35;25.08.2025;Montag;August;2025;218222,92;218,22;6488,44;6645,38;6416,38;6324,18;6277,51;6407,54;6701,69;9336,16;9474,6;10688,29;13230,97;14149,26;13362,84;13387,12;12521,46;11948,43;9297,56;8420,55;8441,05;7952,62;7732,78;7911,08;7643,93;7463,1
;3ce90e6f47b4;;;34;24.08.2025;Sonntag;August;2025;158834,4;158,83;6587,64;6569,9;6564,12;6359,48;6324,63;6437,86;6269,13;6193,39;6422,6;6527,62;6734,83;6636,07;6890,19;6876,85;6830,79;6820,46;6860,6;6799,35;6692,93;6688,15;6688,61;6770,29;6654,02;6634,89
;3ce90e6f47b4;;;34;23.08.2025;Samstag;August;2025;161756,76;161,76;6646,07;6799,43;6802,36;6801,8;6728,35;6620,6;6511,54;6476,62;6529,53;6473,54;6703,07;6645,95;6758,58;6957,07;7002,29;6977,08;6882,01;6847,55;6865,33;6834,06;6699,8;6810,87;6664,71;6718,55
;3ce90e6f47b4;;;34;22.08.2025;Freitag;August;2025;188256,8;188,26;7364,28;7278,39;7318,56;7084,48;7177,77;7091,54;7444,99;9808,22;9365,81;10505,7;10980,86;10344,45;9614,1;8047,55;7596,22;7143,88;6919,53;6825,17;6780,39;6691,52;6707,26;6789,34;6733,84;6642,95
;3ce90e6f47b4;;;34;21.08.2025;Donnerstag;August;2025;216635,13;216,63;6594,91;6677,17;6567,66;6593,62;6606,01;6596,62;6875,2;9210,49;10380,65;13253,77;13793,92;14135,38;12861,46;12820,56;11628,02;9561,09;8825,92;8329,06;8054,47;7454,21;7486,72;7528,48;7370,57;7429,17
;3ce90e6f47b4;;;34;20.08.2025;Mittwoch;August;2025;219130,46;219,13;7696,43;7494,24;7542,33;7413,73;7520,35;7343,19;7788,32;8082,53;9859,21;13671,36;14473,38;14247,17;13810,85;12916,24;12374,79;12001,06;8539,11;7198,35;6499,39;6385,63;6383,21;6567,7;6652,12;6669,77
;3ce90e6f47b4;;;34;19.08.2025;Dienstag;August;2025;231557,15;231,56;7475,15;7426,11;7197,65;7156,41;7017,89;7051,35;7139,45;9244,55;10724,54;12482,9;14237,24;14968,59;13901,88;14169,11;12741,41;11033,3;9720,64;8836,36;8606,73;8259,84;8166,12;8154,89;7874,39;7970,65
;3ce90e6f47b4;;;34;18.08.2025;Montag;August;2025;206889,98;206,89;6362,84;6441,59;6479,47;6431,06;6390,95;6386,16;6729,65;8872,85;10511,37;11094,9;13602,32;12369,15;12110,73;12492,06;10628,05;9028,67;8322,56;7868,86;7623,38;7403,07;7246,98;7392,02;7492,2;7609,09
;3ce90e6f47b4;;;33;17.08.2025;Sonntag;August;2025;151348,91;151,35;6465,91;6400,2;6474,89;6397,33;6375,31;6483,87;6275,57;6256,87;6203,69;6163,3;6193,06;6147,48;6215,39;6354,12;6338,07;6387,59;6342,83;6219,29;6071,7;6070,45;6146,53;6473,05;6423,62;6468,79
;3ce90e6f47b4;;;33;16.08.2025;Samstag;August;2025;161253,68;161,25;7042,12;7122,02;7060,66;7190,89;7240,74;6998,95;6932,2;6708,83;6802,86;6811,02;6637,98;6540,7;6544,17;6557,79;6763,14;6687,75;6605,9;6534,66;6472,53;6538,74;6326,74;6319,52;6410,23;6403,54
;3ce90e6f47b4;;;33;15.08.2025;Freitag;August;2025;205253,22;205,25;8219,58;8142,71;8193,71;8264,26;8351,95;8505,77;8863,14;11047,06;10249,76;11014,76;10519,03;11929,02;11157,71;9273,46;7725,81;7561,11;7155,93;7041,7;6985,03;6903,9;6800,43;7025,14;7108,33;7213,92
;3ce90e6f47b4;;;33;14.08.2025;Donnerstag;August;2025;248868,5;248,87;8365,78;8424,29;8508,83;8396,67;8240,46;8125,4;8831,67;9584,23;11991,7;15308,36;14405,11;16268,86;15128,74;13806,3;14156,51;11796,02;9405,64;8664,45;8514,83;8137,73;8040,5;8195,85;8273,68;8296,89
;3ce90e6f47b4;;;33;13.08.2025;Mittwoch;August;2025;235810,96;235,81;7620,46;7270,38;7276,71;7363,08;7315,96;7124,42;6896,86;8582,54;9864,8;11431,88;15126,95;15329,56;16453,24;14062,73;12848,8;11452,86;10544,74;9454,84;8667,19;8162,43;8117,8;8117,68;8245,57;8479,48
;3ce90e6f47b4;;;33;12.08.2025;Dienstag;August;2025;236588,47;236,59;7458,92;7564,38;7364,88;7376,65;7275,83;7260,89;7445,76;9239,43;10394,25;13589,95;16956,13;15378,26;13923,64;14690,98;13318,61;10998,54;9539,68;8647,08;8384,66;7869,17;7698,34;7884,34;7861;7724,11
;3ce90e6f47b4;;;33;11.08.2025;Montag;August;2025;222006,5;222,01;7550,69;7434,89;7273,92;7198,65;7148,57;7097,64;7195,43;8266,88;10138,79;9684,88;13531,91;13701,07;12858,82;12924,8;13107,45;10565,13;9854,84;9405,56;8501,82;7752,83;7726,57;7617,42;7753,61;7714,33
;3ce90e6f47b4;;;32;10.08.2025;Sonntag;August;2025;183877,26;183,88;7594,81;7590,09;7318,31;7200,29;7070,53;7160,44;6914,15;7040,62;7164,06;7401,75;7463,44;7787,04;8171,18;8011,78;8184,29;8264,31;8393,37;8265,43;8009,62;7940,26;7843,78;7690,37;7712,42;7684,92
;3ce90e6f47b4;;;32;09.08.2025;Samstag;August;2025;185717;185,72;7611,83;7626,48;7454,61;7475,12;7304,26;7261,68;7007,87;7160,44;7229,15;7298,54;7520,28;7828,59;8029,13;8273,47;8470,64;8428,81;8392,95;8339,36;8246,58;8073,36;7705,52;7608,71;7796,01;7573,61
;3ce90e6f47b4;;;32;08.08.2025;Freitag;August;2025;203280,42;203,28;7279,89;7308,86;7147,76;7285,22;7101,02;7095,8;7270,71;10115,87;9029;11972,37;10022,29;11136,39;10159,04;9665,67;9127,13;8492,37;8239,85;8250,46;7986,59;7931,31;7700,45;7679,22;7756,89;7526,26
;3ce90e6f47b4;;;32;07.08.2025;Donnerstag;August;2025;218297,63;218,3;6576,79;6667,97;6727,27;6434,46;6464,17;6380,34;6691,83;10203,02;10151,8;14402,34;13373,62;14512,14;11968,16;12986,27;12128,29;9801,95;8940,12;8591,27;7797,44;7491,73;7449,48;7448,24;7662,96;7445,97
;3ce90e6f47b4;;;32;06.08.2025;Mittwoch;August;2025;208869,03;208,87;6655,57;6755,22;6624,71;6452,36;6414,07;6331,06;6648,58;7056,44;10764,07;11585,71;14636,49;14705,5;12494,43;13845,76;12179,85;8663,53;7622,11;7740,73;7067,41;7192,92;6995,16;6839,15;6896,93;6701,27
;3ce90e6f47b4;;;32;05.08.2025;Dienstag;August;2025;220655,01;220,66;6589,96;6830,42;6616,35;6591,06;6710,27;6448,84;6810,96;8549,26;9999,45;10696,38;11359,36;16270,34;16808,06;15061,44;13939,51;10758;9529,55;8396,91;7988,47;7061,74;7142,99;6904,12;6913,44;6678,13
;3ce90e6f47b4;;;32;04.08.2025;Montag;August;2025;212091,26;212,09;6483,24;6498,84;6463,22;6490,09;6390,31;6382,34;6669,97;8701,96;9378,81;12326,56;13913,71;14054,45;14480,02;13510,68;11908,6;9007,68;8589,41;8275,89;7771,93;7235,75;6914,89;6783,87;6984,34;6874,7
;3ce90e6f47b4;;;31;03.08.2025;Sonntag;August;2025;153138,4;153,14;6456,15;6557,99;6550,17;6478,69;6372,58;6473,08;6412,57;6249,4;6239,26;5653,29;6292,41;6400,03;6451,52;6288,07;6398,28;6356,88;6400,51;6356,7;6168,89;6274,93;6209,76;6457,62;6614,55;6404,97
;3ce90e6f47b4;;;31;02.08.2025;Samstag;August;2025;153424,4;153,42;6625,54;6589,74;6600,52;6625,52;6583,3;6617,03;6452,87;6276,75;6310,54;6256,2;6326,46;6323,94;6401,02;6293,89;6337,91;6233,57;6273,49;6275,17;6217,29;6200,89;6218,94;6458,74;6490,66;6434,42
;3ce90e6f47b4;;;31;01.08.2025;Freitag;August;2025;177230,01;177,23;6283,44;6556,63;6478,61;6336,36;6344,29;6291,82;6513,75;7982,29;8190,18;9343,24;10665,27;11238,7;12284,17;8313,89;6988,41;6353,31;6418,69;6395,23;6251,43;6358,04;6234,46;6344,22;6641,76;6421,82
;3ce90e6f47b4;;;31;31.07.2025;Donnerstag;Juli;2025;200952,04;200,95;7098,46;7247,52;7024,06;7052,88;6928,13;6840,91;7160,18;7901,67;8638,8;10017,43;12063,03;12727,63;12289,2;11698,55;12203,32;8552,65;7569,43;7852,53;6890,78;6587,96;6649,69;6666,22;6655,31;6635,7
;3ce90e6f47b4;;;31;30.07.2025;Mittwoch;Juli;2025;212420,11;212,42;6855,13;6866,75;6743,01;6687,64;6571,88;6449,6;6913,65;7583,76;9836,03;11617,89;15884,31;14387,39;11830,03;12509,52;11682,09;9768,26;8187,56;8132,23;7613,84;7164,97;7224,06;7294,9;7405,36;7210,25
;3ce90e6f47b4;;;31;29.07.2025;Dienstag;Juli;2025;228942,76;228,94;7129,79;7119,69;7055,77;7048,22;6902,18;6878,39;7030,28;7347,13;9423,71;11375,71;15091,54;16295,35;15893,34;13760,02;12718,41;10527,02;9120,79;9383,81;8996,83;8507,6;8559,21;8411,18;7373,04;6993,75
;3ce90e6f47b4;;;31;28.07.2025;Montag;Juli;2025;225386,76;225,39;7009,06;7086,41;6985,23;6979,55;6899,45;6722,91;7053,45;9660,77;8890,13;12170,53;15692,25;14850,15;14019,36;13991,11;13101,67;10413,86;8980,88;9324,27;8547,5;7854,53;7310,34;7252,91;7346,92;7243,52
;3ce90e6f47b4;;;30;27.07.2025;Sonntag;Juli;2025;170769,63;170,77;7289,57;7217,57;7199,86;7064,58;7072,91;7080,44;7024,88;6875,78;6766,6;6796,68;6837,36;6989,75;7129,46;7465,28;7736,17;7609,84;7168,96;7116,54;7102,83;7116,5;6995,8;6991,69;7143,23;6977,35
;3ce90e6f47b4;;;30;26.07.2025;Samstag;Juli;2025;176330,42;176,33;7118,2;7192,23;7089,94;7012,89;7101,22;6916,05;6930,04;6930,37;7033,81;7095,35;7234,83;7601,69;7678,91;7640,7;7571,04;7832,33;7928,27;7842,75;7646,35;7480,3;7494,93;7481,99;7184,8;7291,43
;3ce90e6f47b4;;;30;25.07.2025;Freitag;Juli;2025;197059,87;197,06;7134,04;7010,88;6928,76;7009,77;6931,65;6966,27;7095,78;8396,78;12201,14;10475,94;11244,44;10992,68;10303,44;8798,91;8503,81;8578,15;8150,46;7734,74;7207,28;7106,6;6948,49;7109,52;7202,9;7027,44
;3ce90e6f47b4;;;30;24.07.2025;Donnerstag;Juli;2025;233084,24;233,08;7260,31;7404,01;7260,96;7296,47;7218,38;7112,66;7320,88;8989,01;10910,91;15712,83;13971,61;15738,34;17005,68;14215,79;12419,81;10793,44;8922,45;8601,94;7748,55;7669,1;7330,86;7580,91;7355,2;7244,14
;3ce90e6f47b4;;;30;23.07.2025;Mittwoch;Juli;2025;223090,03;223,09;7031,51;7125,94;7026,17;7115,09;7014,05;7026,97;7173,29;7763,57;10615,24;13015,96;13355,6;13465,98;13024,26;14223,25;12847,41;10730,64;9054,59;8874,02;7968,39;7981,8;7747,92;7743,02;7625,71;7539,65
;3ce90e6f47b4;;;30;22.07.2025;Dienstag;Juli;2025;222454,86;222,46;7828,96;7524,25;7567,65;7445,02;7486,35;7447,39;7793;8566,99;9640,45;12678,02;15225,6;14920,11;14429,12;13626,25;12550,04;10369,5;7481,23;7627,77;7169,47;6854,95;6861,31;7180,46;7115,25;7065,72
;3ce90e6f47b4;;;30;21.07.2025;Montag;Juli;2025;218286,14;218,29;6241,57;6321,17;6333,74;6297,01;6275,52;6213,61;6625,79;8904,58;12205,33;13140,24;15200,45;12682,62;14586,03;12278,78;11922,7;10098,49;8951,39;7994,15;8023,76;7589,95;7387,41;7695,01;7618,23;7698,61
;3ce90e6f47b4;;;29;20.07.2025;Sonntag;Juli;2025;148099,19;148,1;6211,31;6253,85;6227,83;6215,74;6213,2;6274,45;6201,05;6065,02;5987,34;6009,51;6004,87;6010,75;6029,39;6271,83;6131,63;6234,93;6151,61;6241,99;6078,67;6104,21;6146,43;6417,48;6315,26;6300,84
;3ce90e6f47b4;;;29;19.07.2025;Samstag;Juli;2025;149664,82;149,66;6352;6472,6;6394,75;6434,88;6478,82;6315,97;6197,19;6151,9;6146,78;5988,15;6013,92;6231,66;6221,43;6298,65;6255,25;6256,24;6184,62;6174,59;6246,13;6071,76;6024,84;6209,8;6271,9;6270,99
;3ce90e6f47b4;;;29;18.07.2025;Freitag;Juli;2025;157543,12;157,54;6148,84;6167,23;6215,35;6157,45;6118,28;6248,69;6768,7;7234,23;7374,13;7526,63;7553,62;7458,8;7227,35;7083,92;6955,24;6594,8;6381,97;5999,84;5943,83;5904,34;5933,12;6029,94;6246,9;6269,92
;3ce90e6f47b4;;;29;17.07.2025;Donnerstag;Juli;2025;202611,08;202,61;6666,85;6629,61;6672,04;6594,21;6480,03;6498,28;6789,67;8780,12;10234,47;11673,69;14867,59;14041,31;13865,93;11916,26;10774,13;9032,59;6949,1;6400,82;6616,38;6263,83;6047,35;6238,08;6319,36;6259,38
;3ce90e6f47b4;;;29;16.07.2025;Mittwoch;Juli;2025;215219,78;215,22;6987;6997,88;6893,49;6803,55;6814,97;6829,25;7145,06;10294,3;13565,18;15807,65;14324,45;13651,3;11870,7;12868,15;12114,84;8838,09;7289,72;6737,63;6563,82;6536,42;6420,78;6554,55;6656,15;6654,85
;3ce90e6f47b4;;;29;15.07.2025;Dienstag;Juli;2025;223952,03;223,95;8062,34;8082,14;7985,7;8025,98;7800,12;7772,92;7784,77;8524,06;8636,14;12195,36;14615,88;14229,89;12653,57;15001,6;11256,65;9863,66;7908,83;8183,71;8295,39;7048,17;7264,34;7344,47;6968,75;6850,06
;3ce90e6f47b4;;;29;14.07.2025;Montag;Juli;2025;221395,57;221,4;6326,95;6366,44;6363,07;6339,52;6265,56;6247,58;6523,3;8738,3;11641,56;13745,17;11905,91;13896,44;14818,33;13472,92;12853,99;10578,56;9500,32;8723,96;7819,74;7797,1;7453,12;7978,03;7993,42;8046,28
;3ce90e6f47b4;;;28;13.07.2025;Sonntag;Juli;2025;157466,39;157,47;6951,4;6797,07;6820,16;6779,83;6759,54;6782,59;6583,52;6562,78;6638,72;6569,05;6685,53;6675,05;6596,05;6716,57;6775,9;6843,35;6645,15;6362,46;6023,16;6081,27;6136,12;6120,42;6289,64;6271,06
;3ce90e6f47b4;;;28;12.07.2025;Samstag;Juli;2025;160573,72;160,57;6800,29;6914,97;6888,89;6863,71;6976,78;6888,49;6589,98;6555,82;6349,74;6414,3;6506,52;6625,87;6660,27;6656,45;6714,99;6756,61;6636,09;6544,17;6575,2;6517,54;6614,78;6759,74;6917,83;6844,69
;3ce90e6f47b4;;;28;11.07.2025;Freitag;Juli;2025;175109,08;175,11;6701,67;6830,48;6827,44;6702,24;6739,01;6586,03;6782,85;7851,93;8792,05;8556,44;9556,69;8430,62;9254,99;7884,5;7344,97;6902,97;6845,46;6700,4;6594,89;6476,76;6586,52;6573,52;6788;6798,65
;3ce90e6f47b4;;;28;10.07.2025;Donnerstag;Juli;2025;222450,78;222,45;7182,14;7244,35;7072,42;6864,88;6802,17;6663,29;6934,05;10461,27;11711,79;13868,89;14505,65;14336,74;12149,36;12916,86;12038,33;11099,23;8697,31;8192,16;8326,24;7632,03;7088,31;6874,7;6999,99;6788,62
;3ce90e6f47b4;;;28;09.07.2025;Mittwoch;Juli;2025;221371,36;221,37;6676,1;6777,54;6701,02;6727,9;6638,93;6521,18;6817,73;7877,2;10444,75;11697,05;14218,96;14022,15;13816,12;13926,02;12952,89;10933,75;9423,65;8974,42;8398,87;7744,21;7917,53;7423,19;7470,12;7270,08
;3ce90e6f47b4;;;28;08.07.2025;Dienstag;Juli;2025;209183,58;209,18;6847,32;6897,38;6987,62;6958,98;6855,9;6801,19;7235,84;7783,11;9431,1;13100,28;13524,56;13444,03;11935,51;11959,02;10648,4;10045,09;8317,93;7486,63;7668,28;7375,52;7114,98;7010,23;6940,43;6814,25
;3ce90e6f47b4;;;28;07.07.2025;Montag;Juli;2025;224617,1;224,62;7084,76;6913,64;7042,7;6988,58;6990,43;6857,29;7211,31;8809,85;13182,55;13548,94;14361,75;14679,13;12639,27;13144,48;12559,13;11125,33;8601,41;8468,48;7710,44;7678,45;7312,28;7179,76;7296,71;7230,43
;3ce90e6f47b4;;;27;06.07.2025;Sonntag;Juli;2025;175682,58;175,68;7316,92;7255,42;7201,21;7130,33;7210,28;7003,87;7107,9;7010,74;7284,39;7316,21;7550,75;7810,42;7814,07;7788,9;7699,83;7481,9;7564,88;7386,23;7162,29;7188,34;7080,23;7086,07;7190,03;7041,37
;3ce90e6f47b4;;;27;05.07.2025;Samstag;Juli;2025;179824,88;179,82;7544,6;7544,38;7318,4;7364,88;7468,04;7133,89;7193,57;7355,9;7436,04;7408,07;7358,41;7392,59;7622,57;7714,71;7764,83;7764,69;7730,5;7656,56;7668,31;7774,68;7555,15;7247,95;7390,96;7415,2
;3ce90e6f47b4;;;27;04.07.2025;Freitag;Juli;2025;205360,96;205,36;7298,21;7197,27;7309,41;7249,87;7182,44;6864,83;7122,38;10799,18;12118,35;11085,66;11278,41;11190,87;10035,02;9461,07;8683,72;8300,6;8176,11;8039,13;7800,2;7755,13;7757,97;7567,16;7525,23;7562,74
;3ce90e6f47b4;;;27;03.07.2025;Donnerstag;Juli;2025;229553,19;229,55;7902,14;7792,74;7753,21;7608,53;7583,02;7262,03;7690,28;8815,81;11699,66;11798,55;13925,35;14555,19;13859,43;15262,23;12759,24;10211;9378,42;8347,73;8100,55;7586,6;7540,89;7360,66;7472,64;7287,29
;3ce90e6f47b4;;;27;02.07.2025;Mittwoch;Juli;2025;252985;252,99;7443,61;7310,09;7708,88;7408,97;7315,25;7139,48;7377,63;10453,48;15985,18;15830,08;17316,96;15708,4;14949,55;15784,87;14480,03;11581,93;10093,84;9323,41;8913,11;8183,74;8373,16;8178,01;8179,76;7945,58
;3ce90e6f47b4;;;27;01.07.2025;Dienstag;Juli;2025;240158,91;240,16;7423,66;7396,5;7360,32;7189,59;7218,04;6876,12;7803,16;8924,78;12196,74;14519,41;14841,96;14498,04;13079,55;15830,85;15209,65;11730,35;11573,41;8806,87;8372,72;8464,86;7917,62;7559,3;7689,53;7675,88
