Raum/Baustelle;GeräteName;GeräteID;Kostenstelle;;KW;Ablesedatum;Wochentag;Monat;Jahr;Verbrach [Wh];Verbrauch [kWh];01:00;02:00;03:00;04:00;05:00;06:00;07:00;08:00;09:00;10:00;11:00;12:00;13:00;14:00;15:00;16:00;17:00;18:00;19:00;20:00;21:00;22:00;23:00;24:00
;;3ce90e6f0ed8;;;51;19.12.2025;Freitag;Dezember;2025;6570,54;6,57;271,13;285,39;230,23;287,2;266,59;311,75;291,79;262,66;214,67;277,97;242,47;229,38;253,38;170,78;205,7;257,96;298,16;269,63;288,12;226,92;268;317,44;455,88;366,12
;;3ce90e6f0ed8;;;51;18.12.2025;Donnerstag;Dezember;2025;55965,39;55,97;3769,11;4001,77;3907,82;3883,98;3952,52;3939,68;3977,26;3920,14;3898,66;3889,67;3797,15;3846,96;3961,5;2613,5;193,89;192,97;231,65;320,62;296,75;257,33;255,5;267,55;285,32;304,09
;;3ce90e6f0ed8;;;51;17.12.2025;Mittwoch;Dezember;2025;53482,27;53,48;3881,65;4043,17;3685,32;3913,49;3944,55;3841,11;3993,15;4567,67;4447,59;4025,03;4383,85;4204,74;4436,37;3890,15;3704,84;3723,81;3926,3;3804,65;3793,18;3811,3;3958,67;3722,79;3858,55;3920,34
;;3ce90e6f0ed8;;;51;16.12.2025;Dienstag;Dezember;2025;40450,19;40,45;391,16;473,88;483,34;530,83;465,14;413,18;405,21;661,05;400,5;381,92;356,68;335,39;224,22;302,98;381,98;244,65;5484,4;4745,97;4068,1;3958,17;3980,2;3923,27;3918,76;3919,21
;;3ce90e6f0ed8;;;51;15.12.2025;Montag;Dezember;2025;35427,56;35,43;1638,31;1999,05;1632,4;1788,23;1746,68;2034,24;2014,55;1814,41;2065,02;2211,65;2406,22;2194,46;1524,34;1825,33;1442,33;442,82;1208,97;1865,72;1346,86;420,93;536,37;393,71;420,4;454,56
;;3ce90e6f0ed8;;;50;14.12.2025;Sonntag;Dezember;2025;46661,02;46,66;2062,54;1899,96;2025,44;1872,26;1914,56;2033,72;2234,52;2101,17;2320,88;2314,76;2168,3;2036,92;1983,99;1581,76;1339,61;1745,69;1703,44;1625,48;1783,06;1859,94;2235,2;2031,59;1943,7;1842,53
;;3ce90e6f0ed8;;;50;13.12.2025;Samstag;Dezember;2025;50985,88;50,99;2276,23;2167,85;2349,98;2203,32;2150,04;2272,31;2210,65;2280,98;2192,42;2121,7;2128,77;2214,94;2093,26;1869,89;1802,43;1748,12;2088,72;1866,18;2298,37;2045,27;2087,38;1999,75;2433,16;2084,16
;;3ce90e6f0ed8;;;50;12.12.2025;Freitag;Dezember;2025;42751,25;42,75;578,74;470,76;602,31;474,2;559,77;567,79;583,07;552,52;1478,26;950,42;2870,39;2533,78;2902,75;3476,29;3551,47;2446,43;2315,94;2194,29;2433,5;2211,45;2218,41;2217,57;2330,2;2230,94
;;3ce90e6f0ed8;;;50;11.12.2025;Donnerstag;Dezember;2025;6945,33;6,95;371,74;257,03;218,06;282,41;255,63;331,57;260,96;248,53;244,45;197,81;254,68;208,64;190,61;180,18;185,99;262,45;244,46;250,53;396,16;422,8;423,33;479,37;402,34;375,6
;;3ce90e6f0ed8;;;50;10.12.2025;Mittwoch;Dezember;2025;14436,2;14,44;267,26;220,18;276,33;307,64;268,16;277,61;374,35;806,72;942,26;1111,6;1059,63;805,96;837,51;879,21;407,07;216,89;969,28;1710,09;1347,62;367,33;219,56;313,73;230,47;219,74
;;3ce90e6f0ed8;;;50;09.12.2025;Dienstag;Dezember;2025;20940,94;20,94;223,62;319,02;217,71;228,2;244,54;207,4;391,93;778,8;1998,56;2698,05;1004,53;779,78;945,98;811,79;1874,77;798,4;1943,21;2098,34;1976,63;263,36;252,16;294,66;281,26;308,24
;;3ce90e6f0ed8;;;50;08.12.2025;Montag;Dezember;2025;24826,33;24,83;282,21;213,59;270,63;334,9;230,32;271,02;247,3;591,29;821,78;711,75;905,98;1728,8;845,32;637,39;711,69;704,6;4306,23;6405,25;3404,08;236,62;298,34;225,04;253,18;189,02
;;3ce90e6f0ed8;;;49;07.12.2025;Sonntag;Dezember;2025;6064,58;6,07;271,44;251,05;217,24;351,14;260,2;242,97;284,25;215,83;361,23;281,66;233;157,16;206,34;177,51;171,31;327,42;240,6;213,68;305,95;220,48;244,85;340,38;243;245,89
;;3ce90e6f0ed8;;;49;06.12.2025;Samstag;Dezember;2025;15885,62;15,89;526,18;429,91;598,29;450,68;445,9;566,97;397,99;400,95;551,33;1114,72;2127,07;2127,31;2094,73;333,61;409,26;420,88;242,71;403,43;636,54;269,16;375,64;297,51;305,4;359,45
;;3ce90e6f0ed8;;;49;05.12.2025;Freitag;Dezember;2025;15897,11;15,9;560,49;633,14;584,05;525,5;617,46;586,62;612,96;793,99;1102,91;1038,39;1561,85;1181,83;1427,04;373,62;424,86;404,2;466,92;502,65;392,92;365,01;466,83;450,72;369,68;453,47
;;3ce90e6f0ed8;;;49;04.12.2025;Donnerstag;Dezember;2025;15110,88;15,11;306,11;412,92;240,34;446,96;448,08;357,88;211,23;858,35;964,7;1031,82;976,86;905,92;949,46;945,71;917,4;1189,43;471,17;416,81;370,42;460,08;602,82;530,34;488,57;607,5
;;3ce90e6f0ed8;;;49;03.12.2025;Mittwoch;Dezember;2025;11325,74;11,33;388,87;408,65;246,11;407,15;483,81;362,32;384,62;351,01;1773,32;2217,4;394,16;205,9;145,15;373,82;182,28;240,7;469,69;213,4;383,25;284;353,38;312,38;444;300,37
;;3ce90e6f0ed8;;;49;02.12.2025;Dienstag;Dezember;2025;8771;8,77;241,87;396,83;384,41;385,46;474,59;431,5;360,33;387,91;398,08;327,55;465,37;300,51;199,51;384,6;295,8;188,77;512,1;361,53;384,65;417,9;219,09;394,42;502,6;355,62
;;3ce90e6f0ed8;;;49;01.12.2025;Montag;Dezember;2025;51092,22;51,09;429,11;540,76;456,19;397,94;588,73;418,82;491,06;2390,15;4359,36;5843,91;4842,09;4939,5;4565,7;4735,55;6110,92;5924,28;421,59;429,4;241,9;451,53;367,26;357,03;487,04;411,67
;;3ce90e6f0ed8;;;48;30.11.2025;Sonntag;November;2025;7635,71;7,64;274,05;272,87;266,6;216,39;250,65;264,12;437,85;323,95;328;300,84;242,76;143,96;298,68;179,55;168,64;367,73;233,93;366,95;500,15;392,77;427,37;399,4;548,38;430,12
;;3ce90e6f0ed8;;;48;29.11.2025;Samstag;November;2025;6526,62;6,53;444,88;302,27;213,92;278,98;369,55;209,65;347,36;399,45;239,5;185,81;184,51;204,52;202,4;264,55;145,15;168,19;278,02;348,25;309,79;299,58;346,82;266,64;241,96;274,87
;;3ce90e6f0ed8;;;48;28.11.2025;Freitag;November;2025;7793,98;7,79;418,11;397,91;386,68;266,15;356,09;485,95;357,31;272,59;388,5;317,22;563,15;233,2;262,09;344,28;180,12;265,97;207,66;394,75;321,28;217,61;271,11;238,14;415,95;209,57
;;3ce90e6f0ed8;;;48;27.11.2025;Donnerstag;November;2025;11314,1;11,31;380,55;573,24;614,81;466,56;611,16;405,18;600,07;579,6;411,21;636,24;335,89;615,28;371,58;378,27;614,72;405,47;464,93;367,11;466,78;510,16;396,09;417,86;421,3;270,04
;;3ce90e6f0ed8;;;48;26.11.2025;Mittwoch;November;2025;10750,44;10,75;405,63;555,2;428,24;396,97;514,09;450;486,46;566,66;413,42;384,63;474,28;351,16;232,63;362,89;362,83;308,47;395,69;407,27;558,4;464,7;605,22;434,58;548,8;642,22
;;3ce90e6f0ed8;;;48;25.11.2025;Dienstag;November;2025;10799,56;10,8;432,78;380,16;574,81;464,9;403,84;426,35;541,39;451,48;341,31;390,7;1224,65;296,58;351,17;322,75;311,08;396,11;425,97;460,95;362,49;411,13;570,51;367,88;425,19;465,38
;;3ce90e6f0ed8;;;48;24.11.2025;Montag;November;2025;10382,07;10,38;551,35;605,27;563,25;413,55;594,22;507,05;381,17;528,11;380,88;351,77;334,5;364,65;426,34;313,48;317,55;349,61;346,08;424,62;395,19;477,41;397,45;388,9;564;389,22
;;3ce90e6f0ed8;;;47;23.11.2025;Sonntag;November;2025;14526,09;14,53;805,54;629,15;630,15;679,41;786,75;639,96;818,53;740,64;565,97;717,72;567,48;437,72;495,22;547,28;426,02;505,77;611,13;414,51;608,07;576,72;632,01;638,85;584,24;467,25
;;3ce90e6f0ed8;;;47;22.11.2025;Samstag;November;2025;14110,98;14,11;615,74;672,88;646,94;663,82;792,82;612,81;675,5;602,7;700,12;609,26;536,93;517,84;331,71;372,55;480,78;421,31;525,7;464,14;626,85;581,45;689,25;635,2;663,65;671,03
;;3ce90e6f0ed8;;;47;21.11.2025;Freitag;November;2025;14958,38;14,96;607,54;609,22;629,01;636,52;782,48;767,8;805,21;838,41;673,25;752,29;627,22;562,5;561,8;332,26;478,26;358,71;553,61;601,47;670,74;623,13;618,74;659,44;574,97;633,8
;;3ce90e6f0ed8;;;47;20.11.2025;Donnerstag;November;2025;20667,37;20,67;465,23;408,57;567,88;541,24;500,76;573,05;578,75;2047,87;2121,08;782,28;2577,4;1797,59;1106,27;761,41;471,81;426,71;439,65;621,36;580,43;575,1;669,94;570,94;694,66;631,07
;;3ce90e6f0ed8;;;47;19.11.2025;Mittwoch;November;2025;30626,21;30,63;633,79;444,95;471,17;566,87;409,14;489,82;523,82;642,06;4077,95;3184,43;5678,7;2228;1784,21;1922,53;1540,77;1887,99;1063,87;429,59;352,92;413,99;458,95;468,65;477,23;474,81
;;3ce90e6f0ed8;;;47;18.11.2025;Dienstag;November;2025;11372,39;11,37;576,92;629,77;488,82;551,71;476,46;593,46;439,8;664,8;437,26;390,82;396,27;297,43;395,54;487,21;462,35;362,81;517,64;415,72;480,98;386,61;541,34;386,21;586,97;405,49
;;3ce90e6f0ed8;;;47;17.11.2025;Montag;November;2025;11057,04;11,06;610,01;453,84;539,48;402,63;603,52;464,51;397,9;398,73;558,32;375,35;377,33;367,52;296,74;450,54;353,61;373,12;532,97;423,22;375,34;598,94;668,18;427,6;582,66;424,98
;;3ce90e6f0ed8;;;46;16.11.2025;Sonntag;November;2025;8874,77;8,88;239,99;422,15;365,27;286,93;436,27;384,49;249,45;394,4;442,76;220,31;337,22;373,49;145,12;451,95;236,41;322,41;249,98;400,95;462,78;429,82;554,54;411,19;570,66;471,98
;;3ce90e6f0ed8;;;46;15.11.2025;Samstag;November;2025;7919,71;7,92;312,68;216,78;236,26;270,58;467,67;256,84;354,7;277,44;401,95;291,62;340,46;357,65;193,21;488,27;346,84;187,74;438,12;218,37;465,87;435,52;212,49;395,08;313,44;417,4
;;3ce90e6f0ed8;;;46;14.11.2025;Freitag;November;2025;6207,1;6,21;216,88;303,04;290,57;238,93;249,12;273,41;308,12;218,84;280,74;188,91;258,45;292,2;234,27;184,77;312,37;246,13;231,96;278,74;217,18;344,57;276,68;214,59;263,34;283,29
;;3ce90e6f0ed8;;;46;13.11.2025;Donnerstag;November;2025;5932,35;5,93;284,1;250,53;231,48;386,45;216,15;211,58;322,59;263,09;208,27;274,25;146,18;170,15;319,61;146,5;176,36;414,19;242,11;238,93;263,36;190,14;225,84;310,22;213,15;227,12
;;3ce90e6f0ed8;;;46;12.11.2025;Mittwoch;November;2025;12954,44;12,95;281,62;261,7;217,99;449,36;314,54;247,04;288,76;227,19;4420,84;940,35;156,11;180,54;232,76;230,25;1751,88;677,79;192,49;239,46;342,61;251,66;216,37;282,86;320,91;229,36
;;3ce90e6f0ed8;;;46;11.11.2025;Dienstag;November;2025;14059,47;14,06;287,35;302,03;240,01;224,32;260,66;321,43;216,69;304,58;181,79;189,94;1018,73;274,59;178,13;626,36;4822,73;2425,65;207,26;255,78;291,08;340,96;249,69;248,22;269,27;305,52
;;3ce90e6f0ed8;;;46;10.11.2025;Montag;November;2025;6743,34;6,74;280,11;218,22;494,45;256,47;359,43;247,92;443,75;270,4;374,33;201,19;180,46;275,21;173,12;189,09;187,67;222,81;251,34;244,73;247,17;256,23;485,57;246,99;255,84;380,84
;;3ce90e6f0ed8;;;45;09.11.2025;Sonntag;November;2025;5999,14;6;372,41;212,99;250,28;255,42;311,57;284,63;239,55;198,66;309,46;235,85;174,7;221,21;151,3;269,13;200,32;171,38;214,67;306,58;275,57;244,96;252,92;256,86;274,14;252,25
;;3ce90e6f0ed8;;;45;08.11.2025;Samstag;November;2025;5713,34;5,71;232,86;259,74;309,43;272,14;261,63;212,69;347,19;258,22;186,64;215,82;229,35;212,96;213,85;148,75;188,65;316,81;193,49;217,57;251,81;240,31;223,67;288,11;189,31;225,59
;;3ce90e6f0ed8;;;45;07.11.2025;Freitag;November;2025;10974,98;10,97;677,6;801,48;635,06;832,48;897,63;636,34;691,73;752,13;578,25;799,44;535,01;230,53;229,6;256,73;188,12;162,91;263,26;300,14;182,75;268,98;211,77;248,26;278,39;273,73
;;3ce90e6f0ed8;;;45;06.11.2025;Donnerstag;November;2025;30341,12;30,34;618,54;662,33;731,62;608,25;652,87;798,91;666,65;846,38;703,08;682,33;558,59;1898,64;3241,31;2171,87;4831,74;5427,85;1043,27;399,62;631,46;477,26;587,36;680,56;708,36;686,04
;;3ce90e6f0ed8;;;45;05.11.2025;Mittwoch;November;2025;10563,68;10,56;497,65;520,58;635,45;369,78;582;693,56;507;448,91;512,57;451,54;386,79;220,76;262,41;232,44;231,99;216,05;310,35;381,56;505,44;365,35;428,43;606,41;619,74;559,53
;;3ce90e6f0ed8;;;45;04.11.2025;Dienstag;November;2025;10235,09;10,23;422,88;536,49;463,93;573,69;447,92;435,87;569,49;432,49;607,36;390,71;332,69;388,12;252,31;160,45;358,77;226,24;410,1;362,71;376,06;460,04;547,44;437,67;575,17;447
;;3ce90e6f0ed8;;;45;03.11.2025;Montag;November;2025;13276;13,28;546,29;567,5;590,64;595,01;627,44;775,26;716,82;612,39;563,58;769,63;587,6;318,85;584,3;353,33;550,89;362,44;531,6;413,93;571,65;483,25;471,19;580,7;411,13;690,58
;;3ce90e6f0ed8;;;44;02.11.2025;Sonntag;November;2025;12322,11;12,32;555,09;536,79;491,84;661,11;600,99;576,14;618,92;632,66;511,66;376,39;551,06;323,89;422,14;335,87;324,95;354,24;598,09;398,85;582,34;578,62;476,1;645,26;592,36;576,75
;;3ce90e6f0ed8;;;44;01.11.2025;Samstag;November;2025;12157,36;12,16;633,97;624,42;623,12;570,64;591,1;724,72;559,5;479,94;486,86;548,67;364,57;524,5;343,43;370,3;312,25;500,82;377,67;379,37;470,25;624,03;388,07;560,06;644,24;454,86
;;3ce90e6f0ed8;;;44;31.10.2025;Freitag;Oktober;2025;13918,82;13,92;629,26;721,92;695,86;666,5;765,03;616,9;781,28;766,41;538,04;603,4;528,54;542,25;401,62;526,49;323,3;392,08;562,03;417,08;556,6;406,81;647,52;621,57;576,91;614,69
;;3ce90e6f0ed8;;;44;30.10.2025;Donnerstag;Oktober;2025;11904,24;11,9;624,6;480,91;523,85;620,57;435,21;600,12;590,37;592,91;358,24;541,62;406,03;323,38;190,32;392,3;366,04;349,8;485,26;426,27;675,99;384,84;606,44;609,22;661,96;646,81
;;3ce90e6f0ed8;;;44;29.10.2025;Mittwoch;Oktober;2025;15727,5;15,73;601,27;603,57;669,94;600,58;594,45;711,79;687,45;574,62;419,64;552,17;499,15;495,49;334,25;497,18;412,77;379,41;1507,91;1882,6;718,36;599,27;518,1;524,1;597,89;397,87
;;3ce90e6f0ed8;;;44;28.10.2025;Dienstag;Oktober;2025;21526,37;21,53;776,24;579,34;865,48;703;660,6;809,86;578,59;790,79;697,01;539,13;531,59;1871,52;3347,3;328,5;582,21;308,99;1165,91;1928,67;1524,11;562,21;534,22;573,69;604,29;651,72
;;3ce90e6f0ed8;;;44;27.10.2025;Montag;Oktober;2025;19115,21;19,11;779,77;819;627,37;803,74;656,07;739,08;651,29;755,77;586,15;598,48;559,98;557,31;366,56;515,4;470,82;477,14;1517,62;2297,82;1910,74;623,02;795,96;646,53;606,97;752,62
;;3ce90e6f0ed8;;;43;26.10.2025;Sonntag;Oktober;2025;16286,65;16,29;616,17;668,02;1270,02;825,86;663,35;820,45;909,66;704,57;765,88;599,17;588,29;534,43;548,1;502,25;373,22;607,21;603,82;547,05;643,56;642,3;662,08;689,87;807,69;592,88
;;3ce90e6f0ed8;;;43;25.10.2025;Samstag;Oktober;2025;19429,77;19,43;639,78;599,52;688,87;639,02;568,61;775,49;746,4;602,96;642,75;1613,59;2412,57;2389,61;893,8;469,97;469,3;524,97;447,38;514,12;535,56;676,43;643,21;544,86;668,94;710
;;3ce90e6f0ed8;;;43;24.10.2025;Freitag;Oktober;2025;27283,47;27,28;433,05;588,09;621,54;500,1;598,75;584,65;693,87;605,11;459,97;3326,28;3149,44;4021,52;2806,81;2331,69;1385,39;474,2;483,77;422,03;646,43;589,16;604,4;675,74;660,14;621,34
;;3ce90e6f0ed8;;;43;23.10.2025;Donnerstag;Oktober;2025;31529,29;31,53;416,59;585,51;416,35;648,41;525,84;460;599,91;488,16;889,67;1819,04;4499,18;5230,11;2152,92;2207,64;992,18;3890,07;2141,3;407,96;421,56;505,34;548,55;389,73;716,14;577,13
;;3ce90e6f0ed8;;;43;22.10.2025;Mittwoch;Oktober;2025;31086,63;31,09;519,86;377,83;426,06;581,63;449,59;389,57;553,17;481,76;428,91;2664,93;6950,74;5613,47;1263,11;1731,06;1630,76;3753,84;407,27;165,92;271,59;440;335,79;427,34;428,39;594,54
;;3ce90e6f0ed8;;;43;21.10.2025;Dienstag;Oktober;2025;35150,3;35,15;735,07;333,06;547,21;712,18;302,48;626,91;267,56;679,34;291,07;1140,78;1848,14;2574,31;3998,24;1706,38;3565,06;7155,17;5609,12;499,15;178,31;290,02;420,41;334,88;359,69;482,52
;;3ce90e6f0ed8;;;43;20.10.2025;Montag;Oktober;2025;26335,41;26,34;685,14;214,77;676,44;315,22;657,96;294,85;598,64;719,89;698,62;2845,96;2158,92;1256,4;858,5;3841,97;2640,63;4178,73;321,63;575,31;589,61;264,47;689,49;252,79;636,48;280,84
;;3ce90e6f0ed8;;;42;19.10.2025;Sonntag;Oktober;2025;30189,74;30,19;314,64;760,17;721,54;395,88;710,52;329,56;754,43;794,48;845,23;4264,94;11527,95;3103,03;621,74;187,68;535,59;472,22;433,4;563,39;234,85;686,49;325,13;638,58;222,94;745,36
;;3ce90e6f0ed8;;;42;18.10.2025;Samstag;Oktober;2025;32374,89;32,38;686,72;288,45;652,43;298,84;657,8;684,97;275,47;723,75;2208,98;4333,64;11723,46;3314,55;671,95;269,07;664,31;299,72;684,93;282,94;654,9;817,21;324,64;708,69;349,24;798,23
;;3ce90e6f0ed8;;;42;17.10.2025;Freitag;Oktober;2025;33657;33,66;232,97;679,46;333,57;609,58;214,22;825,85;597,63;244,48;1000,41;1929,88;2309,43;7415,84;1154,45;1111;2373,53;5920,55;3307,18;611,13;218,59;672,74;673,02;305,7;653,01;262,78
;;3ce90e6f0ed8;;;42;16.10.2025;Donnerstag;Oktober;2025;26547,09;26,55;232;316,75;263,39;301,41;258,74;316,72;242,72;334,61;222,1;215,4;273,11;1670,93;6691,43;5388,11;1433,49;1436,78;984,38;1388,72;1543,95;1245,27;210,07;722,84;225,7;628,47
;;3ce90e6f0ed8;;;42;15.10.2025;Mittwoch;Oktober;2025;26365,04;26,36;183,39;291,35;308,12;195,13;210,7;386,47;183,54;237,65;269,55;317,54;1648,07;3929,78;7528,85;1459,46;831,59;1247,28;3676,37;1777,45;304,2;271,23;269,22;247,28;259,65;331,17
;;3ce90e6f0ed8;;;42;14.10.2025;Dienstag;Oktober;2025;49892,19;49,89;252,68;675,25;304,63;625,18;313,09;679,16;248,4;1209,46;1621,35;2409,27;1821,35;2289,21;3436,22;7942,22;8826,22;7303,2;5591,07;2736,8;301,96;225,25;245,7;267,31;271,12;271,77
;;3ce90e6f0ed8;;;42;13.10.2025;Montag;Oktober;2025;15237,11;15,24;214,86;231,94;337,34;210,21;213,65;309,02;264,45;232,4;192,57;292,14;233,73;2133,19;1513,26;875,78;990,5;806,64;1019,49;1746,62;866,7;194,22;663,01;617,58;351,48;712,13
;;3ce90e6f0ed8;;;41;12.10.2025;Sonntag;Oktober;2025;5823,58;5,82;241,38;262,99;267,39;185,89;287,03;280,82;194,72;248,63;347,67;153,35;230,64;206,62;264;177,52;217,32;261,36;170,45;245,55;273,57;261,91;206,14;280,29;266,97;265,46
;;3ce90e6f0ed8;;;41;11.10.2025;Samstag;Oktober;2025;5913,89;5,91;371,3;183,67;263,86;222,52;307,44;258,3;194,87;275,78;319,25;179,11;218,76;246,23;214,17;200,39;241,6;203,97;227,99;229;296,04;222,31;256,01;286,03;215,02;280,27
;;3ce90e6f0ed8;;;41;10.10.2025;Freitag;Oktober;2025;5717,64;5,72;251,52;210,74;256,1;307,09;195,93;280,36;247,43;243,36;301,61;146,79;287,72;176,61;223,57;260,05;206,1;159,27;261,79;271,98;197,97;212,18;288,08;311,49;191,24;228,66
;;3ce90e6f0ed8;;;41;09.10.2025;Donnerstag;Oktober;2025;5894,75;5,89;262,55;207,11;261,8;317,35;182,87;310,59;234,38;229,09;235,69;249,29;184,14;253,79;181;241,54;212,55;255,59;271,47;232,83;233,12;275,53;279,25;242,5;210,54;313,23
;;3ce90e6f0ed8;;;41;08.10.2025;Mittwoch;Oktober;2025;5905,75;5,91;249,24;311,22;183,27;271,23;270,77;274,95;202,48;256,8;310,97;202,11;179,64;270,21;200,97;240,3;176,53;316,62;235,61;175,9;254,06;338,83;194,97;248,68;271,14;269,25
;;3ce90e6f0ed8;;;41;07.10.2025;Dienstag;Oktober;2025;5843,6;5,84;263,07;184,45;261,02;331,63;191,18;244,71;287,32;247,89;262,19;214,38;245,65;263,23;157,84;214,45;280,73;169,89;196,48;285,63;233,6;264,46;220,93;323,95;241,41;228,41
;;3ce90e6f0ed8;;;41;06.10.2025;Montag;Oktober;2025;8670,75;8,67;358,5;618,83;642,82;280,56;717,27;256,53;633,96;673,18;319,92;570,52;252,08;260,77;216,93;210,37;186,02;445,23;263,24;185,1;276,24;300;197,54;252,64;240,54;290,04
;;3ce90e6f0ed8;;;40;05.10.2025;Sonntag;Oktober;2025;11496,76;11,5;314,01;601,68;372,25;624,64;661,52;291,5;657,09;304,72;583,06;599,99;285,84;542,5;189,75;680,22;238,54;520,97;616,34;238,28;636,65;272,84;643,09;717,48;241,61;662,19
;;3ce90e6f0ed8;;;40;04.10.2025;Samstag;Oktober;2025;11587,25;11,59;306,71;660,95;285,5;600,93;764,46;277,08;607,08;272,61;698,16;426,55;430,64;597,99;261,37;585,49;159,52;655,85;519,43;284,14;655,47;253,82;706,13;249,73;674,06;653,58
;;3ce90e6f0ed8;;;40;03.10.2025;Freitag;Oktober;2025;11433,64;11,43;288,56;631,19;301,76;650,9;715,5;242,61;684,76;269,92;628,83;570,04;244,43;586,16;235,23;568,86;269,14;564,46;574,46;294,68;618,86;188,07;720,25;461,51;455,71;667,75
;;3ce90e6f0ed8;;;40;02.10.2025;Donnerstag;Oktober;2025;13046,59;13,05;270,26;599,42;375,08;634,45;655,86;301,29;693,94;296,04;1251,3;1459,5;255,67;544,19;223,24;688,88;536,79;198,55;666,41;218,78;572,52;235,17;789,27;226,05;603,21;750,72
;;3ce90e6f0ed8;;;40;01.10.2025;Mittwoch;Oktober;2025;20914,23;20,91;635,35;245,86;697,29;285,71;599,58;722,39;244,48;636;212,96;617,74;188,58;609,54;680,97;2625,99;4978,65;2883,55;670,52;160,34;581,87;341,22;657,43;464,09;462,19;711,93
;;3ce90e6f0ed8;;;40;30.09.2025;Dienstag;September;2025;15307,49;15,31;815,39;807,64;857,14;827,25;766,34;756,26;939,18;707,21;2049,41;251,75;569,64;216,85;561;811,3;270,26;532,69;249,22;595,05;157,1;697,98;239,58;634,45;561,21;411,58
;;3ce90e6f0ed8;;;40;29.09.2025;Montag;September;2025;18071,71;18,07;261,95;300,17;240,35;255,08;268,79;270,49;219,92;325,76;217,03;250,84;1315,46;1927,79;3555,6;402,08;683,94;860,55;787,39;882,01;884,92;758,32;888,98;793,1;847,5;873,69
;;3ce90e6f0ed8;;;39;28.09.2025;Sonntag;September;2025;5924,12;5,92;264,16;258,38;242,52;280,42;264,19;284,36;339,08;198,64;231,61;270,89;187,68;229,4;234,46;248,06;209,87;190,22;290,65;152,51;267,81;282,09;187,42;314,29;262,52;232,89
;;3ce90e6f0ed8;;;39;27.09.2025;Samstag;September;2025;6057,32;6,06;317,28;243,05;281,46;291,51;336,97;243,88;230,78;343,62;246,72;181,8;231,42;243,2;223,45;191,94;248,51;215,38;197,84;304,45;193,91;238,14;324,03;228,38;229,37;270,23
;;3ce90e6f0ed8;;;39;26.09.2025;Freitag;September;2025;6507,79;6,51;274,91;291,24;278,52;294,93;290,82;271,57;284,05;252,31;333,81;207,74;317,32;332,04;285,38;291,44;285,62;208,66;188,68;197,58;315,24;185,42;292,11;280,42;214,35;333,63
;;3ce90e6f0ed8;;;39;25.09.2025;Donnerstag;September;2025;9417,18;9,42;261,75;346,7;274,74;290,33;221;366,31;287,06;194,44;2781,32;664,08;156,55;230,81;241,54;232,55;219,84;499,1;387,44;166,18;336,51;259,92;196,44;298,8;268,83;223,77
;;3ce90e6f0ed8;;;39;24.09.2025;Mittwoch;September;2025;6317,52;6,32;417,37;236,83;258,67;303,6;285,32;292,47;263,72;283,01;222,05;180,26;342,03;182,21;265,79;295,73;197,56;194,66;254,83;229,2;192,16;254,09;265,92;315,67;309,85;256,15
;;3ce90e6f0ed8;;;39;23.09.2025;Dienstag;September;2025;6150,79;6,15;263,78;264,17;343,7;252,72;292,36;285,2;300,62;200,95;214,3;265,38;161,9;233,16;302,13;167,8;197,91;356,75;233,17;160,04;272,82;251,77;254,92;368,91;232,72;224,84
;;3ce90e6f0ed8;;;39;22.09.2025;Montag;September;2025;6410,81;6,41;314,12;282,08;264,69;301,91;321,49;256,86;276,62;220,6;303,1;220,25;218,54;252,88;195,97;353,4;233,86;223,41;202,91;277,94;228,03;183,09;385,69;242,49;262,3;357,76
;;3ce90e6f0ed8;;;38;21.09.2025;Sonntag;September;2025;6060,63;6,06;268,29;273,85;250,6;284,07;262,65;259,73;253,33;297,1;241,17;172,86;327,91;162,16;232,68;239,08;201,02;299,2;197,81;208,78;234,19;302,58;251,19;247,13;303,69;289,56
;;3ce90e6f0ed8;;;38;20.09.2025;Samstag;September;2025;6064,15;6,06;309,5;267,12;232,71;317,58;224,61;237,92;318,01;248,54;209,52;271,18;205,92;195,75;346,04;165,52;220,35;222,31;250,09;292,98;198,04;238,37;288,75;258,81;286,59;257,94
;;3ce90e6f0ed8;;;38;19.09.2025;Freitag;September;2025;9397,99;9,4;262,27;276,57;265,76;193,46;339,15;259,83;197,13;350,97;188,78;198,89;332,68;2830,37;1017,44;254,41;248,34;196,62;263,65;212,8;202,51;307,68;224,14;277,32;270,47;226,75
;;3ce90e6f0ed8;;;38;18.09.2025;Donnerstag;September;2025;6023,11;6,02;185,45;315,36;252,67;256;283,24;217,5;275,22;266,56;287,42;226,57;221,34;243,99;193,51;290,78;229,53;183,01;280,36;259,82;220,28;285,72;277,19;268,27;244,42;258,9
;;3ce90e6f0ed8;;;38;17.09.2025;Mittwoch;September;2025;6375,95;6,38;307,73;329,91;287,75;248,35;317,2;313,35;250,49;271,13;282,01;242,48;344,72;200,06;188,8;241,06;234,23;210,92;224,26;276,8;240,53;255,21;284,59;255,92;262,4;281,56
;;3ce90e6f0ed8;;;38;16.09.2025;Dienstag;September;2025;6015,56;6,02;267,24;242,64;289,58;252,27;267,58;303,8;226,18;269,09;274,42;206,42;223,67;267,64;217,27;201,27;292,39;184,05;274,86;245,59;162,97;292,9;272,78;262,36;288,61;229,98
;;3ce90e6f0ed8;;;38;15.09.2025;Montag;September;2025;6425,3;6,42;295,12;358,33;223,33;294,89;320,66;280,5;323,26;253,05;195,22;316,34;214,56;222,32;286,23;277,41;190,55;304,73;244,97;166,8;319,97;253,86;234,2;292,06;266,24;290,7
;;3ce90e6f0ed8;;;37;14.09.2025;Sonntag;September;2025;6205,28;6,21;263,48;239,66;400,15;271,65;229,89;376,31;293,05;202,18;317,19;160,89;232,49;311,76;171,76;226,36;249,36;274,24;205,84;217,18;228,98;278,97;303,51;223,69;299,45;227,24
;;3ce90e6f0ed8;;;37;13.09.2025;Samstag;September;2025;6393,36;6,39;392,71;232,99;296,68;313,22;294,22;299,34;271,25;280,87;254,06;297,29;175,32;228,06;290,13;189,71;266,34;220,07;159,89;360,67;188,91;228,74;313,99;240,36;277,56;320,98
;;3ce90e6f0ed8;;;37;12.09.2025;Freitag;September;2025;7177,78;7,18;236,11;298,9;373,54;233,57;332,36;277,94;278,17;311,88;816,27;278,02;355,14;271,28;182,59;267,5;215,42;259,6;259,63;222,18;298,84;241,41;256,33;378,65;267,72;264,73
;;3ce90e6f0ed8;;;37;11.09.2025;Donnerstag;September;2025;6587,54;6,59;243,98;348,69;205,29;353,7;277,82;195,08;331,04;234,89;521,75;287,93;198,96;232,12;266,89;251,26;242,95;220,36;208,59;322,7;244,11;199,02;317,03;273,31;255,86;354,21
;;3ce90e6f0ed8;;;37;10.09.2025;Mittwoch;September;2025;7279,69;7,28;350,14;244,65;238,99;347,48;259,56;267,94;366,29;192,1;276,12;270,07;368,81;601,03;298,85;408,09;280,95;232,97;254,4;246,94;293,68;292,45;297,8;223,61;355,53;311,24
;;3ce90e6f0ed8;;;37;09.09.2025;Dienstag;September;2025;19414,23;19,41;707,61;683,78;658,69;738,17;601,23;581,88;461,42;370,4;1219,44;484,74;539,6;764,69;2302,5;1578,41;3263,02;1083,09;1387,52;314,76;250,8;325,29;298,37;287,78;293,49;217,55
;;3ce90e6f0ed8;;;37;08.09.2025;Montag;September;2025;12098,08;12,1;195,09;282,8;254,37;232,11;307,09;220,81;231,72;245,95;209,72;250,97;231,95;786,02;654,61;607,21;715,45;622,72;1353,77;683,98;588,76;688,79;691,58;627,01;711,55;664,68
;;3ce90e6f0ed8;;;36;07.09.2025;Sonntag;September;2025;5753,18;5,75;191,77;350,18;217,6;280,47;230,64;202,03;326,25;215,63;246,96;178,55;199,43;251,89;223,03;235,13;206,27;209,86;256,2;204,47;274,08;169,71;259,95;274,11;253,54;295,43
;;3ce90e6f0ed8;;;36;06.09.2025;Samstag;September;2025;5782,37;5,78;246,46;221,36;299,16;253,87;268,02;320,57;245,99;244,09;218,5;174,97;243,27;202,12;263,13;221,68;150,66;309,69;176,21;231,1;225,6;199,62;320,02;185,33;331,99;228,96
;;3ce90e6f0ed8;;;36;05.09.2025;Freitag;September;2025;6437,41;6,44;186,68;263,31;286,92;236,21;282,07;211,75;282,42;215,92;224,18;258,81;858,24;277,67;201,75;253,53;227,53;156,64;296,39;192,52;237,07;282,54;212,03;277,24;244,38;271,61
;;3ce90e6f0ed8;;;36;04.09.2025;Donnerstag;September;2025;6049,19;6,05;274,89;215,94;228,89;286,93;264,11;249,63;268,07;228,98;246,8;290,3;214,01;410,88;196,58;272,44;184,7;213,28;270,43;148,19;280,06;227,23;275,96;247,68;227,07;326,14
;;3ce90e6f0ed8;;;36;03.09.2025;Mittwoch;September;2025;5921,12;5,92;314,69;184,73;335,85;176,94;327,41;231,9;185,34;306,89;177,56;252,26;219,52;182,35;239,37;176,17;294,46;368,7;191,79;258,82;230,26;239,44;252,88;242,6;247,79;283,4
;;3ce90e6f0ed8;;;36;02.09.2025;Dienstag;September;2025;6590,37;6,59;276,92;277,36;253,11;176,42;304,68;274,96;215,18;463,32;149,49;256,27;250,95;213,85;921,3;146;308,51;184,64;264,88;212,11;184,05;280,24;179,72;371,96;186,72;237,73
;;3ce90e6f0ed8;;;36;01.09.2025;Montag;September;2025;5772,64;5,77;286,99;238,99;277,61;247,2;207,81;318,1;221;256,54;223,5;293,73;229,94;204,72;214,15;224,7;223,42;250,78;186,04;215,29;206,57;235,76;312,27;231,73;211,37;254,43
;;3ce90e6f0ed8;;;35;31.08.2025;Sonntag;August;2025;5665,82;5,67;215,73;243,25;333,76;196,15;280,96;219,14;245,37;310,68;192,2;266,62;153,49;239,87;266,33;150,59;271,93;142,73;291,78;226,74;144,75;307,05;186,94;302,38;271,38;206
;;3ce90e6f0ed8;;;35;30.08.2025;Samstag;August;2025;5712,48;5,71;277,45;220,15;277,22;272,64;224,33;281,88;225,97;236,65;261,07;193,48;207,56;210,85;246,86;215,09;205,4;228,12;231,44;213,84;216,09;221,32;247,55;279,99;251,51;266,02
;;3ce90e6f0ed8;;;35;29.08.2025;Freitag;August;2025;5670,36;5,67;185,4;271,4;278,38;222,36;296,09;214,27;235,81;291,68;214,24;263,67;145,32;226,09;260,87;179,13;264,96;216,43;196,25;271,09;165,7;279,46;225,88;258,45;302,64;204,79
;;3ce90e6f0ed8;;;35;28.08.2025;Donnerstag;August;2025;5806,29;5,81;259,85;235,28;204,12;281,69;238,59;265,48;233,4;237,02;268,4;200,99;211,22;250,78;162,68;265,91;188,22;233,64;269,51;174,16;276,37;218,36;246,01;266,74;275,39;274,24
;;3ce90e6f0ed8;;;35;27.08.2025;Mittwoch;August;2025;5771,91;5,77;304,07;227,08;272,14;239,41;234,52;319,24;193,67;221,82;250,6;212,6;215,78;222,36;209,52;245,11;199,73;254,97;200,41;206,34;258,43;242,81;230,33;243,02;325,61;226,6
;;3ce90e6f0ed8;;;35;26.08.2025;Dienstag;August;2025;5706,64;5,71;249,07;242,33;241,44;265,22;282,22;181,96;318,45;176,27;161,63;341,11;178,85;282,24;210,21;182,61;303,73;182,34;220,67;202,7;235,65;286,04;181,04;282,68;249,4;248,78
;;3ce90e6f0ed8;;;35;25.08.2025;Montag;August;2025;5772,33;5,77;260,48;323,78;263,81;267,36;270,19;243,98;329,33;186,11;188,37;215,61;179,19;335,92;166,06;184,2;267,32;209,38;209,51;235,1;187,35;248,83;231,32;260,98;257,76;250,39
;;3ce90e6f0ed8;;;34;24.08.2025;Sonntag;August;2025;5653,18;5,65;250,98;243,04;314,38;311;219,77;297,17;229,39;213,96;258,15;172,77;185,8;261,03;201,65;246,07;163,43;210,56;297,43;144,68;233,32;212,67;212,81;319,44;234,82;218,86
;;3ce90e6f0ed8;;;34;23.08.2025;Samstag;August;2025;5551,88;5,55;221,71;206,31;277,26;268,24;227,25;283,78;177,01;290,99;233,43;145,37;262,08;175,96;276,78;198,84;173,64;267,81;150,35;228,41;272,8;162,39;256,15;226,07;296,02;273,23
;;3ce90e6f0ed8;;;34;22.08.2025;Freitag;August;2025;9211,61;9,21;803,89;672,93;765,24;731,33;715,16;773,77;649,23;425,63;244,68;155,71;280,42;147,4;215,83;256,08;204,75;231,71;158,36;226,6;273,95;217,11;265,75;209,89;254,43;308,05
;;3ce90e6f0ed8;;;34;21.08.2025;Donnerstag;August;2025;10318,6;10,32;235,57;241,89;253,19;239,24;309,73;238,04;193,03;259,71;199,94;235,84;215,75;487,44;270,71;221,76;307,65;687,2;672,76;715,68;689,49;742,01;662,18;818,53;699,48;721,78
;;3ce90e6f0ed8;;;34;20.08.2025;Mittwoch;August;2025;6593,38;6,59;242,02;238,56;220,29;294,15;278,34;226,19;258,28;253,81;264,7;999,22;237,38;235,31;228,99;211,57;260,06;191,38;242,36;211,83;255,81;190,98;196,75;257,58;294,12;282,17
;;3ce90e6f0ed8;;;34;19.08.2025;Dienstag;August;2025;12460,65;12,46;470,82;579,32;472,95;534,69;553,78;506,89;495,46;496,05;568,12;1045,2;1015,25;556,81;652,98;1055,35;1066,63;424,61;247,58;255,32;209,54;198,47;229,58;261,84;305,8;257,61
;;3ce90e6f0ed8;;;34;18.08.2025;Montag;August;2025;9269,78;9,27;248,02;301,53;191,61;312,32;232,97;255,99;280,7;203,27;439,08;601,34;166,1;308,6;296,37;455,36;396,82;443,57;503,55;506,24;552,31;421,29;531,18;498,29;551,33;571,94
;;3ce90e6f0ed8;;;33;17.08.2025;Sonntag;August;2025;5606,89;5,61;207,92;250,03;274,6;271,43;259,15;230,78;236,27;222,63;278,52;196,91;198,4;179,08;282,73;206,26;217,39;237,33;168,85;266,91;196,18;226,58;267,47;203,73;325,93;201,81
;;3ce90e6f0ed8;;;33;16.08.2025;Samstag;August;2025;5877,29;5,88;229,91;275,93;311,55;224,61;274,07;242,9;258,58;242,87;310,21;200,17;214,75;183,65;268,24;207,22;235,59;194,72;251,12;239,93;212,14;209,87;236,47;305,72;230,08;297,31
;;3ce90e6f0ed8;;;33;15.08.2025;Freitag;August;2025;5915,17;5,92;229,61;309,88;218,91;296,48;183,55;340,68;229,01;247,72;182,63;239,79;288,22;189,77;246,34;188,59;274,72;235,69;241,24;242,7;212,47;261,38;223,55;306,22;229,67;275,48
;;3ce90e6f0ed8;;;33;14.08.2025;Donnerstag;August;2025;6035,23;6,04;205,6;304,35;267,23;269,71;233,91;277,69;280,68;202,37;264,19;202,04;308,76;262,44;206,75;277,05;207,21;263,72;187,75;239,62;258,82;259,97;225,58;245,49;284,99;299,31
;;3ce90e6f0ed8;;;33;13.08.2025;Mittwoch;August;2025;6304,81;6,3;270,34;263,23;300,94;220,9;287,71;236,7;236,97;275,83;185,54;270,17;146,04;667,8;175,03;234,83;231,54;248,57;265,9;198,79;241,7;237,4;261,29;312,6;217,48;317,51
;;3ce90e6f0ed8;;;33;12.08.2025;Dienstag;August;2025;15747,74;15,75;324,03;184,79;320,38;196,72;288,8;267,85;227,49;1869,39;3293,13;3099,34;1606,78;886,18;579,27;202,04;254,1;189,62;257,31;182,33;253,94;238,52;276,16;270,38;251,02;228,17
;;3ce90e6f0ed8;;;33;11.08.2025;Montag;August;2025;5949,8;5,95;307,29;212,58;261,72;285,8;184,34;350,31;181,81;177,74;304,36;279,43;408,93;165,59;254,65;198,22;238,67;255,64;182,44;277,56;146,65;295,15;216,32;281,66;242,79;240,15
;;3ce90e6f0ed8;;;32;10.08.2025;Sonntag;August;2025;5653,69;5,65;213,3;309,82;242,53;259,3;254,98;228,16;281,67;178,23;255,2;221,64;187,83;237,43;184,6;263,58;215,79;255,67;197,29;214,95;216,67;211,53;287,6;210,33;311,48;214,11
;;3ce90e6f0ed8;;;32;09.08.2025;Samstag;August;2025;5676,33;5,68;227,08;287,85;262,33;196,8;312,22;218,55;249,78;245,91;183,44;272,69;181,75;227,64;185,59;245,16;285,21;177,13;246,4;159,66;259,61;252,67;246,06;230,75;250,81;271,24
;;3ce90e6f0ed8;;;32;08.08.2025;Freitag;August;2025;18732,28;18,73;248,26;253,75;298,74;181,86;288,93;266,76;226,39;1853,04;2468,52;2493,79;2478;2469,96;2290,47;546,02;295,02;155,59;249,76;172,94;256,25;256,26;196,55;310,17;185,99;289,26
;;3ce90e6f0ed8;;;32;07.08.2025;Donnerstag;August;2025;18568,98;18,57;220,68;228,02;293,75;203,05;334,5;183,01;240,21;900,97;1615,75;1705,5;1718,16;1646,21;1709,37;1612,64;1693,31;1623,99;935,81;158,08;200,08;248,04;236,11;361,89;178,8;277,32
;;3ce90e6f0ed8;;;32;06.08.2025;Mittwoch;August;2025;8563,48;8,56;210,91;241,4;300,91;267,37;289,28;236,11;247,37;251,09;223,99;254,59;305,91;637,56;275;1800,5;910,23;151,24;270,43;187,1;272,72;195,42;173,56;362,79;183,06;314,94
;;3ce90e6f0ed8;;;32;05.08.2025;Dienstag;August;2025;19306,95;19,31;267,99;236,25;230,92;274,94;274,72;219,62;273,18;1079,55;2394,53;3513,47;3089,8;2984,01;1085,73;249,07;488,95;450,05;260,73;229,94;224,15;210,84;266,61;254,11;232,44;295,95
;;3ce90e6f0ed8;;;32;04.08.2025;Montag;August;2025;5698,94;5,7;243,22;229,93;287,78;215,58;295,29;246,05;194,58;291,1;166,53;249,99;233,04;174,7;270,06;188,95;268,88;173,16;198,17;242,86;247,07;236,45;210,75;291,78;211,86;313,33
;;3ce90e6f0ed8;;;31;03.08.2025;Sonntag;August;2025;5758,22;5,76;239,48;304,42;231,38;271,49;203,9;347,19;248,54;215,46;263,05;165,3;256,55;250,16;191,71;188,25;225,98;252,09;217,07;195,42;226,07;244,77;209,07;279,06;265,19;266,62
;;3ce90e6f0ed8;;;31;02.08.2025;Samstag;August;2025;5991,81;5,99;309,18;212,29;307,06;235,26;193,01;292,74;266,46;258,57;176,12;551,02;252,66;209,29;242;191,53;169,42;279,06;206,97;247,52;157,49;195,61;333,12;187,23;291,95;216,13
;;3ce90e6f0ed8;;;31;01.08.2025;Freitag;August;2025;11904,78;11,9;229,05;233,74;256,84;233,37;304,91;234,04;201,9;289,62;393,46;4324,18;547,83;1941,65;276;140,35;270,34;175,47;221,86;255,18;181,13;259,88;187,91;313,83;234,69;197,55
;;3ce90e6f0ed8;;;31;31.07.2025;Donnerstag;Juli;2025;5643,32;5,64;250,57;285,56;205,26;306,39;208,78;234,06;299,68;176,27;233,68;212,55;212,29;208,56;226,7;209,1;206,47;217,68;244,13;193,49;234,73;271,2;179,27;251,89;286,32;278,08
;;3ce90e6f0ed8;;;31;30.07.2025;Mittwoch;Juli;2025;5688,37;5,69;247,55;290,26;207,6;313,88;244,88;291,24;229,05;161,63;284,13;172,99;226,98;246,88;186,33;256,71;190,16;236,9;196,35;202,96;274,63;203,98;288,84;216,37;260,5;257,57
;;3ce90e6f0ed8;;;31;29.07.2025;Dienstag;Juli;2025;6045,16;6,04;256,3;341,34;183,07;297,89;231,91;250,32;299,43;192,13;263,52;199,84;241,97;236,74;437,54;308,93;194,31;276,11;191,39;203,42;222,49;185,7;319,85;186,13;291,17;233,66
;;3ce90e6f0ed8;;;31;28.07.2025;Montag;Juli;2025;7990,33;7,99;258,41;275,11;255,76;200,12;351,32;223,82;266,64;356,76;458,69;514,29;600,41;518,43;421,44;543,73;530,54;200,62;233,07;160,44;310,13;212,71;327,14;228,08;242,51;254,17
;;3ce90e6f0ed8;;;30;27.07.2025;Sonntag;Juli;2025;5906,23;5,91;299,1;257,84;253,28;249,89;276,66;240,66;310,47;232,31;240,63;236,17;248,6;237,98;190,44;217,99;262;203,28;208,63;255,56;238,05;253,74;183,98;276,79;231,3;300,88
;;3ce90e6f0ed8;;;30;26.07.2025;Samstag;Juli;2025;5860,98;5,86;277,87;234,28;275,89;285,77;243,63;293,88;184,03;215,04;261,89;233,18;234,17;164,63;276,9;195,91;280,88;182,18;216,92;251,83;177,39;352,28;217,81;319,27;193,8;291,55
;;3ce90e6f0ed8;;;30;25.07.2025;Freitag;Juli;2025;9111,66;9,11;331,26;208,28;310,91;203,88;227,74;307,64;206,16;298,16;174,01;270,74;1941,9;1220,67;730,73;262,02;261,48;186,93;271,84;188,7;224,66;272,46;242,14;230,23;315,3;223,82
;;3ce90e6f0ed8;;;30;24.07.2025;Donnerstag;Juli;2025;5907,72;5,91;244,99;261,24;578,71;270,42;265;253,52;231,92;199,36;236,42;206,43;211,25;229,87;179,01;228,89;265,42;247,65;164,72;247,98;176,17;299,38;206,46;204,33;315,82;182,76
;;3ce90e6f0ed8;;;30;23.07.2025;Mittwoch;Juli;2025;5639,77;5,64;295,22;282,99;189,32;279,9;217,44;296,91;236,12;232,68;220,24;146,04;274,07;220,75;227,68;186,33;196,63;284,33;173,54;243,72;216,78;249,26;197,93;234,04;293,6;244,25
;;3ce90e6f0ed8;;;30;22.07.2025;Dienstag;Juli;2025;8115,29;8,12;258,33;272,43;223,04;259,11;274,04;250,57;239,8;225,94;243,89;225,79;183,94;290,28;145,93;749,65;1693,4;740,31;205,44;161,63;270,89;181,4;307,79;210,84;269,25;207,69
;;3ce90e6f0ed8;;;30;21.07.2025;Montag;Juli;2025;6772,21;6,77;297,34;189,21;289,65;218,04;326,54;212,69;296,94;179,04;212,37;482,94;953,49;226,37;225,57;170,99;329,36;188,62;291,19;148,22;277,34;207,32;275,35;261,95;227,12;260,21
;;3ce90e6f0ed8;;;29;20.07.2025;Sonntag;Juli;2025;5791,04;5,79;246,93;253,04;237,07;312,05;240,75;255,17;219,64;264,72;233,17;212,75;230,94;191,78;259,9;180,59;263,53;199,81;245,57;210,37;244,92;243,3;269,89;244,69;241,15;289,31
;;3ce90e6f0ed8;;;29;19.07.2025;Samstag;Juli;2025;5613,28;5,61;234,37;262,57;197;315,64;248,2;226;236,81;182,25;293,24;159,3;257,38;182,47;220,47;227,78;226,93;257,17;142,48;307,36;180,48;253,46;177,03;313,75;270,93;240,21
;;3ce90e6f0ed8;;;29;18.07.2025;Freitag;Juli;2025;5578,38;5,58;231,02;251,98;239,34;263,92;268,31;247,01;216,83;225,5;277,92;212,82;210,26;221,28;190,29;220,62;229,56;227,33;215,02;182,2;262,63;174,22;208,83;290,7;266,94;243,85
;;3ce90e6f0ed8;;;29;17.07.2025;Donnerstag;Juli;2025;16162,31;16,16;1201,48;1180,13;1193,92;1289,36;1246,09;1299,62;1280,98;1249,89;1312,85;1155,82;792,31;201,46;243,32;223,05;216,34;240,48;174,07;207,06;236,37;241,68;203,59;234,43;251,92;286,09
;;3ce90e6f0ed8;;;29;16.07.2025;Mittwoch;Juli;2025;25143,28;25,14;1030;940,39;990,38;1007,05;1125,84;1001,45;1188,68;1038,03;1091,8;1147,63;1008,57;1079,57;958,12;1054,99;981,08;1004,29;985,06;944,91;1086,08;1024,12;1086,67;1033,8;1148,03;1186,74
;;3ce90e6f0ed8;;;29;15.07.2025;Dienstag;Juli;2025;21831,55;21,83;887,17;964,27;947,06;783,43;1015,48;950,02;1018,52;916,97;896,1;971,99;789,75;1369,37;1071,98;869,22;636,24;848,98;638,6;877,3;779,3;907,07;772,98;910,22;930,07;1079,46
;;3ce90e6f0ed8;;;29;14.07.2025;Montag;Juli;2025;35511,49;35,51;1006,68;992,41;989,94;1129,03;1032,83;1152,99;967,47;1181,54;2342,23;2701,44;3055,84;3117,35;3248,42;3254,68;2541,59;562,55;634,8;822,62;699,18;692,01;915,25;706,15;1003,5;760,99
;;3ce90e6f0ed8;;;28;13.07.2025;Sonntag;Juli;2025;22201,4;22,2;888,26;988,49;980,77;1136,35;971,06;1115,07;1011,09;965,02;742,91;945,72;925,57;616,75;979,69;798,03;787,38;879,93;754,58;1079,58;867,06;797,43;1000,29;939,27;1053,57;977,53
;;3ce90e6f0ed8;;;28;12.07.2025;Samstag;Juli;2025;21338,71;21,34;961,67;1092,42;1021,34;959,87;1388,58;992,26;1132,89;986,57;991,59;623,04;719,23;590,49;702,44;640,46;774,4;647,32;781,62;885,58;738,59;913,75;929,31;805,84;994,73;1064,72
;;3ce90e6f0ed8;;;28;11.07.2025;Freitag;Juli;2025;22390,23;22,39;1144,7;1115,16;1229,08;1062,2;1212,5;1231,43;1166,47;1109,44;915,07;709,62;569,77;656,77;813,93;677,27;850,17;694,92;950,46;790,73;809,86;970,38;826,19;945,41;857,06;1081,64
;;3ce90e6f0ed8;;;28;10.07.2025;Donnerstag;Juli;2025;25763,99;25,76;1194,6;1022,11;1159,68;1210,41;1159,43;1205,21;985,51;1042,51;1107,36;1143,85;1202,57;988,84;1093,29;972,82;1039,61;972,59;968,92;955,71;891,59;1082,85;1020,95;1155,42;1050,05;1114,26
;;3ce90e6f0ed8;;;28;09.07.2025;Mittwoch;Juli;2025;23546,82;23,55;1128,39;1140,73;1162,38;1253,45;1189,54;1263,25;1063,64;1009,77;1484,94;712,63;647,03;568,78;891,6;647,82;938,34;889,35;823,21;807,44;965,66;972,36;978;1020,71;1014,92;972,88
;;3ce90e6f0ed8;;;28;08.07.2025;Dienstag;Juli;2025;23361,17;23,36;1167,18;1160,94;1321,59;1294,94;1273,61;1308,8;1290,59;988,34;505,85;527;506,1;813,26;642,99;785,28;775,77;840,56;947,67;939,87;958,41;918,71;1199,91;1021,66;1068,11;1089,14
;;3ce90e6f0ed8;;;28;07.07.2025;Montag;Juli;2025;22181,37;22,18;995,43;897,59;896,58;1056,36;1033,96;1083,92;1105,6;1022,74;962,55;645,14;558,91;643,93;948,94;699,4;846,63;905,32;909,28;770,85;964,34;948,29;992,38;1127,24;1021,14;1144,85
;;3ce90e6f0ed8;;;27;06.07.2025;Sonntag;Juli;2025;18276,24;18,28;798,54;956,39;857,11;818,1;912,62;1077,82;859,68;804,7;697,37;519,69;548,04;538,73;579,67;551,98;571,23;705,38;559,63;712,12;820,34;817,1;854,98;1000,09;688,28;1026,65
;;3ce90e6f0ed8;;;27;05.07.2025;Samstag;Juli;2025;16855,81;16,86;741,22;745,89;624,11;735,91;929,99;683,6;706,59;558,55;586,17;627,06;624,13;842,4;569,58;644,29;586,35;654,44;572,01;709,92;773,01;669,03;664,26;927,37;730,57;949,36
;;3ce90e6f0ed8;;;27;04.07.2025;Freitag;Juli;2025;11844,07;11,84;699,34;684,02;663,9;919,76;651,36;951,09;619,5;428,33;177,22;195,77;202,46;285,71;215,8;360,23;411,33;313,1;419,56;404,05;546,32;357,35;567,96;528,2;537,75;642,41
;;3ce90e6f0ed8;;;27;03.07.2025;Donnerstag;Juli;2025;9785,74;9,79;411,47;403,04;588,75;493,15;626,3;572,94;444,48;188,23;202,29;274,97;218,83;222,93;250,97;217,38;336,67;259,13;418,63;471,23;378,41;389,91;632,97;566,26;548,79;649,25
;;3ce90e6f0ed8;;;27;02.07.2025;Mittwoch;Juli;2025;10387,91;10,39;680,15;494,96;598,41;569,92;626,24;658,8;561,36;250,74;144,01;311,48;204,12;312,92;230,39;1241;328,2;168,69;270,17;242,79;367,57;310,33;380,69;409,56;441,94;583,47
;;3ce90e6f0ed8;;;27;01.07.2025;Dienstag;Juli;2025;14421,99;14,42;853,65;783,39;1001,13;808,62;961,7;1013,04;619,17;384,64;200,34;237,12;275,39;204,65;330,65;570,14;1476,09;575,79;377,11;603,39;369,17;624;546,38;406,56;621,32;578,55
;;3ce90e6f0ed8;;;27;30.06.2025;Montag;Juni;2025;16928,78;16,93;945;823,07;1050,85;959,87;1106,64;1029,34;853,69;441,4;233,2;204,35;591,5;759,58;497,7;362,55;696,12;580,95;683,25;680,53;637,14;615,86;914,54;599,8;863,51;777,29
;;3ce90e6f0ed8;;;26;29.06.2025;Sonntag;Juni;2025;19351;19,35;1011,48;981,12;1053,87;1060,18;1069,87;1175,76;982,27;988,46;865,2;482,63;583,67;504,96;642,01;501,99;682,04;529,41;806,88;638,32;678,47;878,36;670,53;900,18;704,73;958,61
;;3ce90e6f0ed8;;;26;28.06.2025;Samstag;Juni;2025;23198,02;23,2;1321,06;1505,04;1372,62;1349;1347,1;1400,69;1346,77;727,34;508,13;393,59;601,48;612,27;753,83;740,17;737,42;962,63;678,65;958,75;873,87;914,88;853,89;1015,58;1047,51;1013,77
;;3ce90e6f0ed8;;;26;27.06.2025;Freitag;Juni;2025;40213,24;40,21;1593,12;1349,63;1425,83;1525,5;1392,78;1562,52;1371,48;2167,35;2875,6;2551,02;2369,47;2287,75;2452,73;2324,32;1569,37;1189,15;1221,18;1151,08;1240,69;1270,57;1343,91;1342,59;1355,73;1279,87
;;3ce90e6f0ed8;;;26;26.06.2025;Donnerstag;Juni;2025;48709,35;48,71;220,26;280,17;320,07;261,32;252,63;265,46;262,23;2873,67;2004,59;2442,62;2679,2;4721,35;3048,86;2609,98;4683,93;6428,32;3595,05;1939,31;1990,58;1513,59;1591,68;1601,21;1591,77;1531,5
;;3ce90e6f0ed8;;;26;25.06.2025;Mittwoch;Juni;2025;42216,72;42,22;272,83;304,09;298,62;265,94;298,12;250,24;315,17;2566,2;7203,68;6613,64;5467,08;3436,59;2501,16;2906,32;3200,03;3587,59;953,75;209,81;218,19;236,51;196,86;334,1;217,82;331,12
;;3ce90e6f0ed8;;;26;24.06.2025;Dienstag;Juni;2025;35473,7;35,47;328,39;315,33;340,84;243,82;276,03;253,74;329,31;2305,48;3356,81;2809,95;3147,58;2977,49;2524,07;2578,7;2714,47;4921,43;4088,89;307,37;227,25;304,38;253,77;310,8;317,07;240,73
;;3ce90e6f0ed8;;;26;23.06.2025;Montag;Juni;2025;25896,44;25,9;345,59;330,07;361,4;269,28;432,21;261,8;348,94;249,75;294,97;1684,99;1736,89;1543,33;1574,73;1703,18;4174,93;5351,16;3106,53;271,22;314,41;233,01;362,15;312,28;304,23;329,39
;;3ce90e6f0ed8;;;25;22.06.2025;Sonntag;Juni;2025;7628,4;7,63;343,36;315,57;335,78;331,31;320,96;374,55;279,48;264,06;325,34;284,53;347,19;242,25;343,83;261,85;303,13;354,51;286,91;338;240,31;359,3;343,13;349,22;335,28;310,11
;;3ce90e6f0ed8;;;25;21.06.2025;Samstag;Juni;2025;7440,78;7,44;321,4;366,78;270,32;368,95;348,02;317,23;305,07;285,58;265,93;349;277,09;315,53;229,83;366,2;251,29;366,47;227,13;325,28;286,67;321,16;290,74;310,86;357,08;285,97
;;3ce90e6f0ed8;;;25;20.06.2025;Freitag;Juni;2025;8868,09;8,87;299,46;244,24;307,69;316,95;242,29;315,36;180,15;303,14;161,23;338,16;1762,49;725,09;277,77;313,21;301,1;282,3;307,67;278,36;294,52;337,87;275,68;346,11;253,62;403,63
;;3ce90e6f0ed8;;;25;19.06.2025;Donnerstag;Juni;2025;6042,82;6,04;242,81;307,97;234,7;297;228,1;307,54;211,96;230,52;253,48;299,39;219,14;223,73;226,62;268,87;207,04;266,61;191,24;285,58;198,11;325,55;183,46;257,24;246,93;305,96
;;3ce90e6f0ed8;;;25;18.06.2025;Mittwoch;Juni;2025;6510,32;6,51;315,33;203,29;368,15;201,75;312,73;252,32;276,46;193,81;255,89;261,86;224,31;248,46;225,21;301,55;301,66;526,36;239,68;221,18;226,36;314,16;214,11;257,22;222,87;345,6
;;3ce90e6f0ed8;;;25;17.06.2025;Dienstag;Juni;2025;6061,66;6,06;272,37;252,35;292,25;240,74;289,95;284,27;253,56;219,81;246,21;178,97;305,12;217,22;281,37;164,1;333,52;207,63;248,43;200,18;221,95;281,42;227;263,16;298,25;228,37
;;3ce90e6f0ed8;;;25;16.06.2025;Montag;Juni;2025;5982,7;5,98;194,44;337,88;237,43;306,11;235,98;263,32;266,59;220,33;247,19;238,55;258,7;246,61;211,92;238,63;239,84;259,57;245,6;210,06;275,2;184,62;299,06;221,45;337,81;205,81
;;3ce90e6f0ed8;;;24;15.06.2025;Sonntag;Juni;2025;6170,58;6,17;278,59;293,55;284,13;264,22;226,34;337,7;215,8;265,95;197,34;310,3;196,23;301,29;204,87;239,13;203,52;262,78;283,06;227,02;207,04;264,05;221,58;323,09;201,52;345,02
;;3ce90e6f0ed8;;;24;14.06.2025;Samstag;Juni;2025;6124,34;6,12;228,91;353,41;225,29;313,67;230,77;308,64;217,07;261,5;232,87;206,52;276,64;234,92;271,16;205,31;218,63;295,51;199,65;299,88;184,89;302,81;221,98;300,21;229,32;304,78
;;3ce90e6f0ed8;;;24;13.06.2025;Freitag;Juni;2025;5997,05;6;197,95;343,45;228,46;306,39;257,37;208,19;296,77;224,31;270,12;177,69;250,38;262,23;232,54;236,69;215,31;253,11;248,98;244,45;229,75;209,23;197,91;311,13;260,52;273,74
;;3ce90e6f0ed8;;;24;12.06.2025;Donnerstag;Juni;2025;8767,04;8,77;315,17;352,9;388,01;481,44;621,62;542,6;615,45;367,47;414,14;580,79;478,63;463,15;267,13;443,02;189,26;230,84;240,49;191,78;313,34;194,68;255,22;220,48;317,06;282,37
;;3ce90e6f0ed8;;;24;11.06.2025;Mittwoch;Juni;2025;13415,01;13,41;808,54;397,96;758,52;735,9;720,54;725,62;569,48;690,44;602,24;624,36;612,54;357,24;748,56;1958,85;661,66;484,16;225,14;215,9;257,03;163,05;333,73;212,82;247,72;267,79
;;3ce90e6f0ed8;;;24;10.06.2025;Dienstag;Juni;2025;12141,8;12,14;562,25;341,22;685,77;470,14;584,89;637,82;481,96;540,33;633,97;636,41;395,29;545,77;479,45;529,36;550,26;439,32;490,76;411,02;364,51;487,42;456,35;398,95;593,82;424,76
;;3ce90e6f0ed8;;;24;09.06.2025;Montag;Juni;2025;15594,18;15,59;889,76;853,91;857,22;889,05;925,14;846,02;1009,24;594,34;746,67;706,32;665,22;624,66;546,67;566,01;500,32;609,58;414,57;527,36;453,04;525,64;361,71;472,22;571,48;428,44
;;3ce90e6f0ed8;;;23;08.06.2025;Sonntag;Juni;2025;13419,67;13,42;657,8;493,9;409,95;791,65;353,51;796,8;480,88;605,92;747,78;471,25;620,05;532,58;391,37;597,7;483,99;467,7;564,86;333,97;683,36;327,97;631,92;740,98;580,89;652,89
;;3ce90e6f0ed8;;;23;07.06.2025;Samstag;Juni;2025;9650,19;9,65;357,71;458,39;551,9;327,31;446,68;416,96;388;544,07;326,44;448,64;355,31;521,29;363,45;316,52;429,77;323,03;488,54;238,73;331,68;462,51;391,81;440,55;372,71;348,19
;;3ce90e6f0ed8;;;23;06.06.2025;Freitag;Juni;2025;8669,71;8,67;340,72;391,77;413,1;398,15;576,36;359,65;395,46;407,72;271,73;572,19;572,79;395,26;398,23;341,2;357,16;211,87;355,57;128,48;193,73;211,34;356,36;417,56;309,47;276,67
;;3ce90e6f0ed8;;;23;05.06.2025;Donnerstag;Juni;2025;9535,76;9,54;397,08;244,01;502,15;451,48;323,03;448,72;355,76;481,54;637,84;509,73;372,32;398,74;440,87;767,74;633,2;269,98;236,5;293,26;204,43;213,41;298,78;411,48;355,04;256,79
;;3ce90e6f0ed8;;;23;04.06.2025;Mittwoch;Juni;2025;8068,22;8,07;303,03;220,93;343,92;281,95;281,13;412,19;337,6;398,86;287,67;401,14;227,28;332,24;481,64;510,97;275,25;347,66;558,85;295,02;233,71;338,94;268,78;354,53;280,46;294,47
;;3ce90e6f0ed8;;;23;03.06.2025;Dienstag;Juni;2025;9376,05;9,38;327,74;492,12;478,14;537,77;468,15;641,28;516,35;500,32;487;503,35;438,82;458,04;436,37;490,52;196,21;267,71;187,07;344,82;216,15;262,16;252,95;303,56;279,21;290,24
;;3ce90e6f0ed8;;;23;02.06.2025;Montag;Juni;2025;6847,1;6,85;297,25;329,13;244,29;358,2;327,46;254,35;280,26;203,49;257,92;509,35;252,69;213,91;256,57;254,92;262,27;235,08;267,51;234,67;291,05;214,51;283,8;200,06;376,95;441,41
;;3ce90e6f0ed8;;;22;01.06.2025;Sonntag;Juni;2025;6384,34;6,38;288,96;294,06;308,98;210,57;365,64;267,95;254,51;228,03;220,47;300,79;216,63;326,62;176,69;301,57;192,98;315,69;221,38;240,61;289,9;283,11;217,39;320,17;228,25;313,39
;;3ce90e6f0ed8;;;22;31.05.2025;Samstag;Mai;2025;7534,36;7,53;243,98;472,99;340,11;375,67;339,59;420,23;392,91;515,19;183,96;496,09;334,19;330,67;206,56;241,27;285,38;223,74;275,25;220,89;294,4;230,43;257,09;264,54;301,26;287,97
;;3ce90e6f0ed8;;;22;30.05.2025;Freitag;Mai;2025;10919,88;10,92;610,77;720,74;462,96;659,69;543,11;659,24;659,29;378,56;599,28;689;385,35;484,21;627,73;439;256,58;381,9;282,39;211,81;299,59;233,37;201,19;376,71;246,26;511,15
;;3ce90e6f0ed8;;;22;29.05.2025;Donnerstag;Mai;2025;15167,28;15,17;512,25;814,37;621,25;912,91;766,57;905,69;795,75;449,77;712,29;620,98;488,71;668,73;610,98;496,27;617,14;443,93;648,93;584,7;555,01;594,14;559,29;612,14;661,64;494,25
