GeräteName;GeräteID;;Raum;Baustelle;KW;Ablesedatum;Wochentag;Monat;Jahr;Verbrach [Wh];Verbrauch [kWh];01:00;02:00;03:00;04:00;05:00;06:00;07:00;08:00;09:00;10:00;11:00;12:00;13:00;14:00;15:00;16:00;17:00;18:00;19:00;20:00;21:00;22:00;23:00;24:00
;;ec64c9c0797d;;;51;19.12.2025;Freitag;Dezember;2025;29926,08;29,93;27,14;27,12;27,11;27,19;27,37;71,44;12276,09;14199,06;1031,66;1028,63;730,28;27,63;27,87;27,95;120,31;27,6;27,61;27,61;27,75;27,96;28,2;27,3;27,6;27,6
;;ec64c9c0797d;;;51;18.12.2025;Donnerstag;Dezember;2025;6306,89;6,31;27,19;27,15;27,09;27,16;27,34;163,61;1039,79;1026,84;676,79;392,44;390,52;390,26;390,35;540,02;818,94;27,78;27,58;27,59;120,9;27,61;27,6;27,95;27,27;27,12
;;ec64c9c0797d;;;51;17.12.2025;Mittwoch;Dezember;2025;100302,02;100,3;389,62;387,8;389,47;389,6;389,71;438,33;6873,19;12538,5;19711,52;16198,5;18604,6;16343,8;6013;1026,13;345,42;27,14;27,41;27,6;27,5;27,65;27,95;28,14;27,88;27,23
;;ec64c9c0797d;;;51;16.12.2025;Dienstag;Dezember;2025;12638,34;12,64;27,16;26,98;27,19;27,39;27,51;45,41;1039,33;1029,34;1027,79;1021;1027,06;1026,84;1026,67;1026,07;718,13;389,97;390,47;358,01;390,64;390,42;390,38;390,48;390,92;390,63
;;ec64c9c0797d;;;51;15.12.2025;Montag;Dezember;2025;70070,21;70,07;27,78;27,57;27,84;27,8;27,68;27,52;1280,44;1394,49;1391,06;1399,08;1397,38;12981,81;19002,9;18971,4;11836,76;27,4;27,5;27,57;27,59;27,73;27,98;27,99;27,94;27
;;ec64c9c0797d;;;50;14.12.2025;Sonntag;Dezember;2025;662,54;0,66;27,8;27,7;27,95;28;27,85;27,74;27,75;27,61;27,5;27,18;27,22;27,59;27,56;27,7;27,72;27,47;27,48;27,36;27,31;27,55;27,68;27,57;27,66;27,59
;;ec64c9c0797d;;;50;13.12.2025;Samstag;Dezember;2025;28602;28,6;27,6;27,5;27,7;27,6;27,6;10984,3;12217;1037;1033;1035;1038,9;790,3;27,2;27,5;27,6;27,2;27,2;27;27;27,1;27,4;27,6;27,6;28,1
;;ec64c9c0797d;;;50;12.12.2025;Freitag;Dezember;2025;94727,98;94,73;27,95;27,42;27,51;27,53;27,62;11636,51;14830,3;12397,4;16067,68;13290,3;13728,7;12276,82;57,47;27,55;27,6;27,6;27,61;27,6;27,61;27,9;28,2;28,1;27,4;27,6
;;ec64c9c0797d;;;50;11.12.2025;Donnerstag;Dezember;2025;41212,72;41,21;27,15;27,06;27,12;27,25;27,24;29,39;868,41;1397,82;10291,73;1404,1;1401,21;906,15;761,76;7715,53;15934,6;29,56;27,1;27,15;27,19;27,45;27,52;27,76;27,83;28,1
;;ec64c9c0797d;;;50;10.12.2025;Mittwoch;Dezember;2025;655,72;0,66;27,53;27,21;27,55;27,05;27,03;26,99;27,58;27,34;26,99;27,02;26,99;27,01;27,3;27,27;27,35;27,18;27,17;27,21;27,11;27,3;27,62;27,83;28;28,09
;;ec64c9c0797d;;;50;09.12.2025;Dienstag;Dezember;2025;88052,38;88,05;27,01;27,01;27,15;27,07;27,14;56,07;1029,92;8740,35;13886,58;19114,3;18231,3;12056,2;12777,87;618,53;289,33;27,13;27,23;27,53;27,6;27,72;27,69;27,96;28,18;27,13
;;ec64c9c0797d;;;50;08.12.2025;Montag;Dezember;2025;4599,39;4,6;27,73;27,5;27,58;27,61;27,56;27,56;749,7;1383,1;1389,55;474,64;27,32;27,56;27,34;78,14;29,39;27,35;27,09;27,43;27,55;27,67;27,82;28,01;27,1;27,09
;;ec64c9c0797d;;;49;07.12.2025;Sonntag;Dezember;2025;666,51;0,67;28,2;28,1;28,22;28,36;28,19;28,2;28,06;27,75;27,65;27,58;27,52;27,54;27,52;27,6;27,59;27,6;27,6;27,6;27,55;27,36;27,59;27,65;27,66;27,82
;;ec64c9c0797d;;;49;06.12.2025;Samstag;Dezember;2025;681,3;0,68;27,8;27,6;27,8;27,8;27,7;27,6;27,7;27,6;27,6;27,3;43,6;27,6;27,6;27,6;27,6;27,6;27,6;27,6;27,6;27,7;27,9;28,2;28,2;28,4
;;ec64c9c0797d;;;49;05.12.2025;Freitag;Dezember;2025;14273,55;14,27;28,32;28,23;27,62;27,36;27,57;27,42;5260,92;5727,61;2692,16;27,99;27,85;35,74;28,12;28,5;27,63;27,59;27,64;27,64;28,07;28,17;28,4;27,7;27,6;27,7
;;ec64c9c0797d;;;49;04.12.2025;Donnerstag;Dezember;2025;99687,93;99,69;27,96;27,16;27,26;27,36;27,22;27,64;1211,44;1540,55;10599,03;12946,4;17755,54;18322,8;20053,6;15607,57;472,94;27,46;27,47;27,59;27,61;25,47;27,95;28,14;28,17;28,23
;;ec64c9c0797d;;;49;03.12.2025;Mittwoch;Dezember;2025;99200,28;99,2;27,52;27,24;27,37;27,4;27,43;27,51;9833,92;14224;5443,17;1401,09;10749,45;12718,44;6686,92;5828,58;11635,31;20018,5;299,29;28,21;28,2;28,35;28,4;27,81;27,97;28,2
;;ec64c9c0797d;;;49;02.12.2025;Dienstag;Dezember;2025;45058,55;45,06;26,87;26,89;26,93;26,9;26,84;26,92;10474,82;12391,6;14732,7;4373,71;395,9;958,71;516,02;564,14;240,15;27,29;27,35;27,56;27,6;27,76;27,93;28,15;28,27;27,54
;;ec64c9c0797d;;;49;01.12.2025;Montag;Dezember;2025;4164,39;4,16;27,57;27,28;27,46;27,3;27,1;27,33;27,12;26,94;26,84;27,27;352,45;759,89;675,2;27,57;27,12;859;396,11;399,81;258,21;27,58;27,7;27,82;27,04;26,68
;;ec64c9c0797d;;;48;30.11.2025;Sonntag;November;2025;654,99;0,66;27,6;27,45;27,51;27,58;27,6;27,47;27,41;27,39;27,17;27,06;27,08;27,19;27,15;27,29;27,09;27,03;27;27;27,01;27,21;27,24;27,45;27,5;27,51
;;ec64c9c0797d;;;48;29.11.2025;Samstag;November;2025;2594,8;2,6;27,6;27,5;27,6;27,6;27,5;27,6;253,2;389,9;389,4;389,3;388,9;292,5;27,1;27,1;27,1;27;27;27,3;27,3;27,1;27,2;27,2;27,2;27,6
;;ec64c9c0797d;;;48;28.11.2025;Freitag;November;2025;8110,76;8,11;27;26,96;27,1;27,05;27,12;26,97;1095,72;1396,21;1239,54;764,77;1258,84;1396,66;495,13;27,14;27,12;27,3;27,29;27,62;27,64;27,78;27,7;27;27,6;27,5
;;ec64c9c0797d;;;48;27.11.2025;Donnerstag;November;2025;34068,2;34,07;27,49;26,93;27,25;27,34;27,15;27,13;1054,15;1398,31;1396,95;1398,24;11455,75;10746,3;2796,02;1397,66;1396,18;647,82;26,99;27,06;27,23;27,32;27,59;27,44;26,9;27
;;ec64c9c0797d;;;48;26.11.2025;Mittwoch;November;2025;58674,13;58,67;27,12;26,91;27,02;27,05;27,1;27,23;12568,72;15737,06;13855,36;10690,89;1443,5;1032,99;1031,21;1037,19;871,9;26,71;26,72;26,85;26,98;26,59;27,01;27,01;27,41;27,6
;;ec64c9c0797d;;;48;25.11.2025;Dienstag;November;2025;74893,88;74,89;27,02;26,9;27,03;27,07;27,33;40,24;685,09;1030,35;2112,1;13931,08;12158,78;11037,46;12273,38;20048,1;1163,13;60,55;26,71;26,86;27,12;27,05;27,54;27,48;27,62;27,89
;;ec64c9c0797d;;;48;24.11.2025;Montag;November;2025;70495,49;70,5;27,6;27,52;27,6;27,54;27,28;54,56;9599,97;9035,68;1027,22;6118,46;12361,79;17981,09;11633,4;1128,57;1031,52;168,33;27;27,03;26,87;26,79;27,09;27,32;27,59;27,67
;;ec64c9c0797d;;;47;23.11.2025;Sonntag;November;2025;657,51;0,66;27,7;27,54;27,63;27,64;27,75;27,75;27,59;27,55;27,23;27,18;27,2;27,17;27,11;27,37;27,06;27,05;27,22;27,25;27,38;27,1;27,38;27,52;27,53;27,61
;;ec64c9c0797d;;;47;22.11.2025;Samstag;November;2025;7329,53;7,33;27,23;27,2;27,1;27,6;27,3;27,6;839,9;1046,6;1046,7;1026,8;1027,3;1028,2;849,4;27,1;27,2;27,2;27,2;27,3;27,4;27,1;27,3;27,6;27,6;27,6
;;ec64c9c0797d;;;47;21.11.2025;Freitag;November;2025;6498,56;6,5;27,06;26,99;27,21;27,26;27,17;78,21;1035,99;1031,09;795,49;945,39;1027,08;1025,97;121,75;27,66;27,48;27,21;27,29;27,22;27,29;27,37;27,59;27,78;27,58;27,43
;;ec64c9c0797d;;;47;20.11.2025;Donnerstag;November;2025;108318,48;108,32;27,09;27,04;27,14;27,1;27,05;37,32;2538,63;15225,69;19041,4;18828,06;12919,7;20084,5;15531,84;1687,63;1035,55;962,72;98,59;27;27,01;27,05;27,44;27,6;27,66;27,67
;;ec64c9c0797d;;;47;19.11.2025;Mittwoch;November;2025;6721,27;6,72;27,16;27,06;27,16;27,35;27,22;53,39;393,55;357,4;586,48;1028,3;1026,16;1025,27;662,26;393,08;389,23;394,04;51,53;27,21;27,25;27,23;27,23;27,47;28,07;27,69
;;ec64c9c0797d;;;47;18.11.2025;Dienstag;November;2025;14426,96;14,43;1026,01;1022,67;1025,7;1026,23;1025,9;1025,84;1024,89;1025,32;1024,87;1024,52;1025,85;699,02;807,96;389,58;621,81;411,67;27;27,31;27,5;27,62;27,7;27,81;27,1;27,08
;;ec64c9c0797d;;;47;17.11.2025;Montag;November;2025;18252,1;18,25;27,56;27,57;27,57;27,51;27,44;27,12;641,28;1028,07;1026,64;939,73;1025,89;1025,59;1025,82;1026,03;1025,7;1026,24;1026,44;1026,4;1026,54;1026,12;1026,53;1026,49;1026,59;1025,87
;;ec64c9c0797d;;;46;16.11.2025;Sonntag;November;2025;654,8;0,66;27,6;27,64;27,73;27,76;27,72;27,49;27,31;27,28;27,11;27,07;27,09;27;27,01;27,16;27,09;27,08;27,12;27,15;27,05;27,2;27,38;27,28;27,18;27,3
;;ec64c9c0797d;;;46;15.11.2025;Samstag;November;2025;37067,4;37,07;27,6;27,6;27,7;27,5;27,4;39,6;6945;13250;12577,4;1432,2;1409,6;946,8;27;27,4;27,6;27,6;27,4;27,2;27,3;27,3;27,4;27,6;27,6;27,6
;;ec64c9c0797d;;;46;14.11.2025;Freitag;November;2025;3917,35;3,92;27,44;26,66;26,67;26,77;26,88;26,85;26,96;641,17;940,46;389,61;390,03;390,76;551,22;151,51;27,07;27,29;27,21;27,41;27,43;27,45;27,7;27,9;27,3;27,6
;;ec64c9c0797d;;;46;13.11.2025;Donnerstag;November;2025;5285,23;5,29;26,77;26,8;26,87;26,88;26,78;26,74;26,97;881,9;1026,38;546,6;391,31;389,69;389,6;719,19;403,76;131,68;26,63;26,88;27,17;27,18;27,53;27,62;27,08;27,22
;;ec64c9c0797d;;;46;12.11.2025;Mittwoch;November;2025;116521,21;116,52;26,96;26,77;26,93;27;27;26,92;11569,36;9768,9;1141,19;1026,04;6262,13;15606,65;17066;17455,8;16044,2;16454,5;3298,16;503,66;26,92;27,41;27,69;27,7;26,57;26,75
;;ec64c9c0797d;;;46;11.11.2025;Dienstag;November;2025;119611,04;119,61;27,01;26,92;27,08;27,02;27,05;27,17;9978,93;14030,5;16195,3;18465,9;16250;15993,69;20036,4;7625,21;627,89;26,97;26,96;26,77;27;27;27,59;27,66;28,08;26,94
;;ec64c9c0797d;;;46;10.11.2025;Montag;November;2025;653,81;0,65;27,5;27,15;27,42;27,26;27,11;27,3;27,21;26,94;27,52;27,33;27,78;26,91;27;27,1;26,85;26,92;27,13;27,32;27,08;27,1;27,6;27,73;27,44;27,11
;;ec64c9c0797d;;;45;09.11.2025;Sonntag;November;2025;657,9;0,66;28,1;28,1;28,28;28,19;28,08;27,89;27,58;27,32;27,12;27,07;27,07;27,05;27,13;27,37;27,36;27,17;27,07;27,02;27,11;27,14;27,2;27,11;27,16;27,21
;;ec64c9c0797d;;;45;08.11.2025;Samstag;November;2025;25901,4;25,9;27,6;27,5;27,6;27,7;27,8;28,2;10809,9;12391,1;428,5;679,8;1030;67,6;27,2;27,6;27,5;27;27;26,9;27,1;27,1;27,5;27,6;27,7;27,9
;;ec64c9c0797d;;;45;07.11.2025;Freitag;November;2025;655,33;0,66;27,15;27,06;27,18;27,2;27,16;27,22;26,97;26,85;27,65;27,89;28,12;28,23;27,3;27,32;27,11;27,03;26,99;26,98;26,99;24,93;27,6;27,5;27,3;27,3
;;ec64c9c0797d;;;45;06.11.2025;Donnerstag;November;2025;1068,87;1,07;26,95;27,15;27,03;27;26,97;26,92;26,97;26,66;26,61;27,07;27,29;215,92;241,09;27,56;34,02;36,39;26,85;26,86;26,86;27,05;27,33;27,59;27,64;27,09
;;ec64c9c0797d;;;45;05.11.2025;Mittwoch;November;2025;29955,62;29,96;26,88;26,75;26,9;27,09;27;26,99;28,35;26,65;26,61;228,6;349,91;27,6;27,26;27,04;5371,32;12999,34;10492,51;26,92;27,01;24,63;27,14;27,55;26,67;26,65
;;ec64c9c0797d;;;45;04.11.2025;Dienstag;November;2025;5234,85;5,24;27,07;26,91;27,06;27,02;27,05;27,01;638,36;797,67;971,6;638,6;672,85;112,58;27,69;320,09;405,92;187,18;109,59;27,24;27,28;27,13;27,56;27,67;26,85;26,87
;;ec64c9c0797d;;;45;03.11.2025;Montag;November;2025;1438,68;1,44;27,58;27,2;27,24;27,1;27,07;27,17;27,12;27;26,87;27,78;27,4;192,91;174,4;27,52;497,96;27,18;27,12;27,37;27,61;27,35;27,71;27,87;27,08;27,07
;;ec64c9c0797d;;;44;02.11.2025;Sonntag;November;2025;664,18;0,66;27,9;27,69;27,9;28,17;28,18;28,18;28,01;27,7;27,51;27,63;27,65;27,74;27,62;27,87;27,6;27,63;27,26;27,32;27,1;27,34;27,37;27,57;27,6;27,64
;;ec64c9c0797d;;;44;01.11.2025;Samstag;November;2025;659,4;0,66;28;28;27,9;28,1;27,9;27,9;27,6;27,6;27,1;27;27,3;27,2;27;27,1;27;27;27,3;27,1;27,3;27,3;27,3;27,6;27,8;28
;;ec64c9c0797d;;;44;31.10.2025;Freitag;Oktober;2025;659,54;0,66;27,54;27,31;27,59;27,49;27,4;27,52;27,53;27,22;27,18;27,45;27,46;27,38;27,68;27,66;27,62;27,36;27,14;27,14;27,46;27,51;27,6;27,7;27,7;27,9
;;ec64c9c0797d;;;44;30.10.2025;Donnerstag;Oktober;2025;1445,59;1,45;27;26,92;27,01;26,95;27,36;27,48;26,99;27,03;27,09;28,2;27,77;27,49;27,45;27,73;28,38;306,23;535,73;27,62;27,59;27,65;27,82;27,55;27,05;27,5
;;ec64c9c0797d;;;44;29.10.2025;Mittwoch;Oktober;2025;2465,44;2,46;27,71;27,5;27;27,16;27,08;26,92;26,93;29,67;26,74;27,01;27,44;27,85;307,67;389,66;575,05;131,21;360,71;207,63;27,18;27,56;27,98;27,68;27,02;27,08
;;ec64c9c0797d;;;44;28.10.2025;Dienstag;Oktober;2025;3523,82;3,52;27,06;27,02;27,16;27,19;27,03;28,03;392,57;372,53;773,86;1029,06;436,74;27,01;27,2;27,25;27,43;27,29;26,99;27,05;27,28;27,5;27,74;27,57;27,52;27,74
;;ec64c9c0797d;;;44;27.10.2025;Montag;Oktober;2025;7166,88;7,17;27,59;27,27;27,53;27,4;27,25;40,62;903,17;1030,69;1007,49;663,78;663,92;664,06;663,87;663,84;481,63;27,36;27,2;27,6;27,66;27,35;27,66;27,73;27,14;27,07
;;ec64c9c0797d;;;43;26.10.2025;Sonntag;Oktober;2025;685,8;0,69;27,7;27,6;27,96;27,62;27,35;27,27;27,14;27,19;27,16;27,15;29,87;27,12;27,18;27,29;27,08;26,98;26,87;27,26;27,05;27,33;27,37;27,56;27,48;27,59
;;ec64c9c0797d;;;43;25.10.2025;Samstag;Oktober;2025;5363,8;5,36;27,3;27,2;27,5;27,6;27,7;35,6;1036,4;1026,3;1028,1;1025,8;719,5;26,8;27;27;27,6;27,4;27,3;27;26,9;27,2;27,5;27,5;27,7;27,9
;;ec64c9c0797d;;;43;24.10.2025;Freitag;Oktober;2025;100599,63;100,6;26,88;26,7;26,6;26,64;26,74;51,23;9500,75;19389,8;20875,9;16340;17285,18;13730;2923,87;93,35;27,29;27,06;27,38;27,44;27,42;27,8;27,4;27,1;27,2;27,6
;;ec64c9c0797d;;;43;23.10.2025;Donnerstag;Oktober;2025;112071,65;112,07;26,84;27,14;27,2;27;27;27,26;3480,4;16339,8;19211,5;17650,9;13662,8;13173,52;9164,88;13212,21;4704,43;26,98;27,26;27,31;27,41;27,49;27,74;27,6;27,77;27,29
;;ec64c9c0797d;;;43;22.10.2025;Mittwoch;Oktober;2025;6432,21;6,43;26,79;27;26,93;27,01;27,08;27,04;771,93;1025,24;1023,22;1023,18;1024,33;538,24;31,84;286,22;300,81;27,62;27,27;26,76;26,56;26,69;27,28;27,62;27,95;27,6
;;ec64c9c0797d;;;43;21.10.2025;Dienstag;Oktober;2025;6773,95;6,77;27;27,09;26,93;27,07;27,02;27,18;469,5;580,06;752,85;389,71;528,71;1027,52;1025,97;1024,41;567,18;27,07;26,9;27,14;27,45;27,16;27,6;27,79;27,59;27,05
;;ec64c9c0797d;;;43;20.10.2025;Montag;Oktober;2025;3174,13;3,17;27,55;27,61;27,61;27,66;27,49;27,22;397,77;26,97;26,61;27,04;27,67;260,75;298,3;1046,16;650,75;27,44;27,3;27,61;27,57;27,63;27,76;27,75;26,9;27,01
;;ec64c9c0797d;;;42;19.10.2025;Sonntag;Oktober;2025;660,39;0,66;28;28;27,95;27,65;27,74;27,89;27,6;27,59;27,55;27,5;27,49;27,4;27,46;27,52;27,37;27,39;27,4;27,48;26,92;27,03;27,14;27,12;27,59;27,61
;;ec64c9c0797d;;;42;18.10.2025;Samstag;Oktober;2025;5494,9;5,5;27,4;27,6;27,5;27,6;27,7;83;1037;1027,6;1026,8;1025,7;801,9;27,2;27;27;27,3;27,6;27,6;27;27;27;27,2;27,4;27,7;28,1
;;ec64c9c0797d;;;42;17.10.2025;Freitag;Oktober;2025;1495,66;1,5;26,81;26,89;26,97;26,99;26,93;26,92;26,9;26,57;200,89;391,86;327,98;29,73;27,77;28,88;26,83;27,46;27,53;27,55;27,49;27,21;27,7;27,7;27;27,1
;;ec64c9c0797d;;;42;16.10.2025;Donnerstag;Oktober;2025;92683,59;92,68;26,78;26,91;26,98;27,01;27;26,91;7635,44;219,4;6248,4;16407,8;14902,3;19961,3;17253,9;7763,78;1030,74;756,21;152,93;27,38;27,25;27;27,31;27,51;26,67;26,68
;;ec64c9c0797d;;;42;15.10.2025;Mittwoch;Oktober;2025;3618,43;3,62;26,74;26,82;26,7;26,93;26,8;26,91;26,85;26,58;623,69;893,23;999,62;76,28;26,99;362,23;168,82;28,68;33,91;26,9;27;27,15;27,54;27,22;27,78;27,06
;;ec64c9c0797d;;;42;14.10.2025;Dienstag;Oktober;2025;656,64;0,66;27;26,86;26,78;26,91;26,9;27,3;28,14;27,24;27,56;26,72;31,27;27,84;27,28;27,33;27,12;26,82;26,98;27,18;26,99;27;27,09;27,22;27,64;27,47
;;ec64c9c0797d;;;42;13.10.2025;Montag;Oktober;2025;13325,31;13,32;27,54;27,26;27,1;27,07;26,8;27,49;11076,62;552,79;392,72;390,18;390,05;30,53;27,67;28,11;27,79;27,55;27,65;27;27;26,97;27,14;27,13;27,45;27,7
;;ec64c9c0797d;;;41;12.10.2025;Sonntag;Oktober;2025;696,62;0,7;27,4;27,6;27,42;27,6;27,48;27,6;27,36;27,03;26,97;26,99;69,29;27,12;27,01;27,13;27,32;27,12;27,14;27,1;27,1;27,16;27,41;27,32;27,29;27,66
;;ec64c9c0797d;;;41;11.10.2025;Samstag;Oktober;2025;17741,9;17,74;27,1;27,3;27,5;27,6;27,6;27,7;27,6;27,1;27;8095,9;8491,5;390,7;219,2;27,1;27,1;27,1;27;27;26,9;26,9;27;27,3;27,3;27,4
;;ec64c9c0797d;;;41;10.10.2025;Freitag;Oktober;2025;3281,47;3,28;26,35;26,67;26,54;26,57;26,45;26,99;660,81;663,09;662,75;662,21;105,56;26,98;27,58;27,59;27,54;38,45;27,7;27,52;27,43;27,19;27,6;27,6;27,2;27,1
;;ec64c9c0797d;;;41;09.10.2025;Donnerstag;Oktober;2025;76345,28;76,34;27,82;27,03;26,43;26,62;26,56;27,21;13690,63;11868,95;1037,42;1065,05;1027,08;10570,15;11766,36;21541,9;3373,75;26,46;26,87;27;26,76;26,36;27,01;27,31;27,52;27,03
;;ec64c9c0797d;;;41;08.10.2025;Mittwoch;Oktober;2025;127179,58;127,18;26,46;26,84;26,87;26,8;26,98;26,64;13919,78;14606,6;14647,9;18248,6;16628,3;15350,2;15611,48;11651,45;5898,05;231,46;26,77;32,62;26,85;29,48;27;27,13;27,52;27,8
;;ec64c9c0797d;;;41;07.10.2025;Dienstag;Oktober;2025;1946,2;1,95;26,85;26,58;26,57;26,75;26,55;27,52;26,76;1233,11;117,99;27,38;27,47;27,95;27,13;27,22;27,04;26,94;26,72;27,01;26,97;26,74;27,1;27,41;27,66;26,78
;;ec64c9c0797d;;;41;06.10.2025;Montag;Oktober;2025;110760,37;110,76;27,17;27,01;27,02;27,35;27,5;27,1;597,22;3987,79;17903,9;15461,2;14682,1;16942,3;14215,9;14501,2;11910,11;27,07;27,01;27,55;177,31;27,04;27,44;27,6;27,65;26,83
;;ec64c9c0797d;;;40;05.10.2025;Sonntag;Oktober;2025;654,49;0,65;27,6;27,6;27,58;27,44;27,38;27,26;27,28;27,03;26,93;27,02;27,09;27,06;27;27,02;26,96;27,07;27,33;26,99;27,27;28,04;28,11;27,83;26,72;26,88
;;ec64c9c0797d;;;40;04.10.2025;Samstag;Oktober;2025;656,6;0,66;27,6;27,1;27,1;27,4;27,6;27,3;27;27,1;27,5;27;27;26,5;27,6;27,7;27,2;27,6;27,7;27,6;27,6;27,7;28,2;27;27,3;27,2
;;ec64c9c0797d;;;40;03.10.2025;Freitag;Oktober;2025;649,66;0,65;26,98;27,14;27,09;27,3;27,44;27,55;27,4;24,98;27,26;27,04;26,93;26,9;26,51;26,78;27,16;27,02;27,01;26,98;26,91;26,59;26,9;27,1;27,2;27,2
;;ec64c9c0797d;;;40;02.10.2025;Donnerstag;Oktober;2025;2537,81;2,54;27,65;27,31;26,82;26,96;26,97;26,92;27,04;26,88;300,03;27,32;27,42;27,14;382,87;665,6;644,55;27,28;27,66;27,5;27,18;27,01;27,25;27,67;27,71;27,07
;;ec64c9c0797d;;;40;01.10.2025;Mittwoch;Oktober;2025;2425,73;2,43;27,67;26,72;26,83;26,94;26,87;27,17;26,54;26,57;27,75;27,75;27,06;26,96;26,98;508,6;667,42;666,52;39,48;27,6;27,18;27,08;27,28;27,49;27,59;27,68
;;ec64c9c0797d;;;40;30.09.2025;Dienstag;September;2025;2277,98;2,28;28,06;27,15;26,64;26,71;26,66;27,42;123,16;27,32;56,53;27,53;96,52;668,45;621,71;221,93;27,2;27,01;27,16;27,45;27,17;27;27,01;27,23;27,34;27,62
;;ec64c9c0797d;;;40;29.09.2025;Montag;September;2025;8045,7;8,05;27,58;27,63;27,5;27,53;27,7;26,88;26,96;27,8;27,46;27,79;27,51;27,29;27,44;285,88;511,68;27,12;5236,27;1246,21;244,61;26,74;26,97;27,5;27,85;27,8
;;ec64c9c0797d;;;39;28.09.2025;Sonntag;September;2025;659,74;0,66;28;28;27,72;27,78;27,97;27,85;27,74;27,22;27,04;27,57;27,8;27,62;27,1;27,11;27,73;27,84;27,78;27,59;27,06;27,03;26,95;27,02;27,04;27,18
;;ec64c9c0797d;;;39;27.09.2025;Samstag;September;2025;7007,6;7,01;661,8;661,8;660;661,8;661,6;661,7;661,2;661,6;661,8;644,8;27;27;55,3;27,6;27,3;27,5;27,2;27;27;26,8;27,2;27,2;27,6;27,8
;;ec64c9c0797d;;;39;26.09.2025;Freitag;September;2025;10781,2;10,78;26,54;26,48;26,46;26,53;26,66;27,04;27,14;26,9;634,1;662,73;661,37;661,81;662,2;662,47;662,2;662,69;662,73;663,09;662,29;661,97;662,2;661,8;661,8;662
;;ec64c9c0797d;;;39;25.09.2025;Donnerstag;September;2025;647,48;0,65;26,7;26,73;26,6;26,79;26,87;26,82;26,92;26,89;26,77;27,03;26,67;27,19;26,91;27,2;27,38;24,83;27,01;24,8;27,12;26,91;27,26;27,2;27,27;27,62
;;ec64c9c0797d;;;39;24.09.2025;Mittwoch;September;2025;2767,14;2,77;26,75;26,87;26,9;26,87;26,5;26,95;293;85,55;635,71;662,55;575,12;27,38;27,01;26,69;26,94;26,85;27,52;27,9;27,55;27,03;27,19;27,25;27,71;27,35
;;ec64c9c0797d;;;39;23.09.2025;Dienstag;September;2025;52138,91;52,14;27,15;26,92;27,02;27,4;27,27;27,43;516,93;608,34;662,52;662,31;662,26;10933,13;17356,3;11690,18;8580,72;27,28;27,57;27,52;27,34;27,3;27,64;27,7;28,05;27,44
;;ec64c9c0797d;;;39;22.09.2025;Montag;September;2025;6585,07;6,58;27,51;27,57;27,6;27,22;27,14;27,03;27,05;192,88;667,33;665,56;664,96;664,23;664,35;664,37;664,39;664,74;664,32;52,14;27,59;27,23;27,63;27,5;27,68;27,05
;;ec64c9c0797d;;;38;21.09.2025;Sonntag;September;2025;713,71;0,71;27,2;27;26,95;27,27;27,25;27,15;26,97;26,87;26,73;90,02;26,62;27,38;27,39;27,8;27,44;26,82;27,26;27,19;26,79;26,95;27,16;27,13;27,08;27,29
;;ec64c9c0797d;;;38;20.09.2025;Samstag;September;2025;971,5;0,97;27,6;27,1;27,3;27,3;27,6;27,4;27,2;26,9;26,7;27;26,8;27,7;27,2;347,9;27;26,9;27;26,9;27;27;27;27;27;27
;;ec64c9c0797d;;;38;19.09.2025;Freitag;September;2025;16302,77;16,3;27,2;26,93;26,43;27,24;26,5;26,72;1673,62;6613,6;6025,58;1271,58;201,29;26,93;26,78;26,98;27,1;27,54;27,81;28,04;27,59;27,61;27,8;27,6;27,3;27
;;ec64c9c0797d;;;38;18.09.2025;Donnerstag;September;2025;15815,06;15,81;27,67;27,4;26,4;27,47;27,6;65,71;11524,89;2381;26,13;26,83;27,54;27,48;660,64;665,86;29,41;26,7;26,59;26,7;27,02;26,99;27,19;27,17;27,33;27,34
;;ec64c9c0797d;;;38;17.09.2025;Mittwoch;September;2025;1034,39;1,03;26,53;26,47;26,47;26,65;26,54;26,64;27,05;27,66;31,11;401,34;27,58;27,05;26,91;26,98;26,93;26,79;26,91;34,13;27,41;27,1;27,4;27,5;27,55;27,69
;;ec64c9c0797d;;;38;16.09.2025;Dienstag;September;2025;19679,58;19,68;27,47;27,69;27,25;27,34;27,31;27,03;3759,01;10888,54;1031,14;1028,33;1028,1;1026,61;437,69;27,49;41,5;28,15;27,41;27;27,4;27,27;27,61;27,54;27,65;27,05
;;ec64c9c0797d;;;38;15.09.2025;Montag;September;2025;61818,8;61,82;27,37;27,1;27,1;27,19;27,04;33,03;952,22;5471,6;5011,82;4595,59;6669,88;5424,66;15501,14;10682,67;7097,4;26,49;26,63;26,94;27,26;26,85;26,99;26,98;27,24;27,61
;;ec64c9c0797d;;;37;14.09.2025;Sonntag;September;2025;654,62;0,66;27,6;27,7;27,77;27,74;27,67;27,73;27,74;27,47;27,68;27,27;26,99;27,07;26,92;26,72;26,69;26,85;26,73;26,97;27,28;27,29;27,19;27,13;27,07;27,35
;;ec64c9c0797d;;;37;13.09.2025;Samstag;September;2025;656,2;0,66;27;27,1;27,2;27;27,4;27,4;27,1;27,1;26,7;27,7;28,2;27,2;27,9;27,3;27,3;27,6;27,5;26,9;27;27,3;27,3;27,5;27,8;27,7
;;ec64c9c0797d;;;37;12.09.2025;Freitag;September;2025;1601,85;1,6;27,88;27,62;26,56;26,64;26,68;26,86;493,93;508,75;27,01;27,01;26,78;27,1;26,87;27,14;27,7;27,6;27,27;27,46;27,65;27,64;27,7;27,7;27,5;26,8
;;ec64c9c0797d;;;37;11.09.2025;Donnerstag;September;2025;3787,78;3,79;27,7;27,9;27,57;26,95;26,57;27,17;111,07;392,56;391,95;390,52;835,21;736,23;46,72;27,41;27,94;348,16;123,56;27,22;27,42;27,34;27,4;27,52;27,82;27,87
;;ec64c9c0797d;;;37;10.09.2025;Mittwoch;September;2025;670,91;0,67;27;26,97;26,94;27,04;26,9;27,28;26,95;26,5;27,08;27,17;27,28;27,28;27,22;27,28;27,32;27,23;27,31;46,06;27,42;27;27;27,27;27,76;27,65
;;ec64c9c0797d;;;37;09.09.2025;Dienstag;September;2025;7911,84;7,91;27,72;27,81;27,73;27,82;27,79;27,15;31,81;391,57;682,04;1030,51;1027,19;1027,21;1026,93;1026,58;1026,47;257,01;26,77;26,96;27,04;27,18;27,17;27,39;27,85;28,14
;;ec64c9c0797d;;;37;08.09.2025;Montag;September;2025;5629,2;5,63;26,92;27,4;27,35;27,16;26,81;26,9;27,05;49,28;666,91;662,76;661,65;661,18;661,16;879,75;948,03;32,72;26,76;26,98;26,67;26,92;27,01;26,91;27,28;27,64
;;ec64c9c0797d;;;36;07.09.2025;Sonntag;September;2025;656,73;0,66;27,5;27,6;27,6;27,78;27,86;27,97;27,93;27,61;27,81;27,9;27,46;27,34;27,06;26,78;27,14;27,41;27,6;27,18;27,05;26,99;26,98;26,91;26,51;26,76
;;ec64c9c0797d;;;36;06.09.2025;Samstag;September;2025;1507,3;1,51;27,3;27,4;27,6;27,8;27,7;27,8;27,1;27;27,4;175,2;667,1;89,4;28;28;27;27,5;27,7;27,6;27,2;27;27;27;27,1;27,4
;;ec64c9c0797d;;;36;05.09.2025;Freitag;September;2025;66165,67;66,17;27,84;28,12;27,97;27,7;26,8;27,03;939,11;8806,91;11647,97;19157,9;17190,72;7923,58;27,2;31,01;27,36;27,41;27,63;28,01;27,7;27,3;27,6;27,8;27,7;27,3
;;ec64c9c0797d;;;36;04.09.2025;Donnerstag;September;2025;134832,61;134,83;27,58;27,77;27,56;27,83;27,77;27,42;10644,51;12438,7;16877,1;15072,6;16661,55;18608,9;17571,2;18582,4;7572,88;418,32;27,19;27,22;27,15;27;27,15;27,37;27,6;27,84
;;ec64c9c0797d;;;36;03.09.2025;Mittwoch;September;2025;1190,72;1,19;27,66;26,49;26,53;27,55;27,57;27,33;189,01;390,49;41,74;26,6;26,72;27,66;27,68;26,98;27,54;27,01;27,09;26,99;26,66;26,9;27,08;26,92;27,13;27,39
;;ec64c9c0797d;;;36;02.09.2025;Dienstag;September;2025;47491,8;47,49;27,76;26,78;26,58;26,65;26,66;27,3;8638,62;14616,3;3661,51;8237,05;394,99;362,04;27,53;10115,49;27,05;26,92;164,13;27,69;27,54;27,54;27,61;27,52;27,69;27,45
;;ec64c9c0797d;;;36;01.09.2025;Montag;September;2025;122267,87;122,27;27,07;27,09;27;27,05;26,74;26,92;8812,44;16989,6;13053,3;19329,5;15266,8;13104,6;12061,7;14572,6;8669,58;26,95;27,05;27,71;27,62;27,11;27,17;27,19;27,41;27,67
;;ec64c9c0797d;;;35;31.08.2025;Sonntag;August;2025;653,15;0,65;27,6;27,6;27,43;27,18;27,31;27,25;27,33;27,1;27,05;27,07;27,02;26,96;27,24;27,37;27,43;27,81;27,54;27,28;27,04;26,88;26,74;26,98;26,97;26,97
;;ec64c9c0797d;;;35;30.08.2025;Samstag;August;2025;748,3;0,75;27;27;27,1;27,1;27;27,2;27;26,8;26,8;26,5;26,7;125,4;27,7;27,5;27,6;27;27,3;27,1;27;27;27;27,1;27,2;27,2
;;ec64c9c0797d;;;35;29.08.2025;Freitag;August;2025;53336,6;53,34;27,78;27,49;27,35;27,75;27,67;27,36;970,59;1025,75;12002,15;17745,09;13007,5;8091,8;27,7;26,7;27,02;27,15;27,54;27,54;27,51;27,56;27,7;27,5;27,3;27,1
;;ec64c9c0797d;;;35;28.08.2025;Donnerstag;August;2025;87985,66;87,99;27,38;27,27;27,46;27,48;27,45;36,25;12486,3;13999,3;13543,9;13481,9;11589,58;17244,1;3484,15;1029,75;706,69;27,2;27,35;27,92;27,52;27,22;27,3;27,34;27,26;27,59
;;ec64c9c0797d;;;35;27.08.2025;Mittwoch;August;2025;650,73;0,65;27,13;26,41;26,39;26,4;26,4;27,17;26,52;26,38;27,26;27,43;27,21;27,68;27,56;27,78;27,61;27,06;27,61;27,53;27,34;27,01;27,22;27,05;27,1;27,48
;;ec64c9c0797d;;;35;26.08.2025;Dienstag;August;2025;656,47;0,66;27,24;28;28,05;28,13;27,99;27,31;26,77;26,67;26,59;26,78;26,55;27,13;27,87;27,84;27,97;27,57;27,6;27,14;26,72;26,51;27,01;27,51;27,56;27,96
;;ec64c9c0797d;;;35;25.08.2025;Montag;August;2025;656,95;0,66;27,61;27,71;27,67;27,6;27,23;27,78;27,15;27,55;27,67;27,18;26,66;26,4;27,24;27,37;25,19;27,08;27,41;27,58;27,18;27,1;27,18;27,52;28,12;27,46
;;ec64c9c0797d;;;34;24.08.2025;Sonntag;August;2025;656,97;0,66;27,7;27,8;27,96;28,09;27,84;27,79;27,23;27,04;27,44;27,34;27,23;26,85;26,99;27,39;27,62;27,5;27,33;27,13;27,15;26,99;27,06;27,14;27,09;27,27
;;ec64c9c0797d;;;34;23.08.2025;Samstag;August;2025;79742,3;79,74;27;27,2;27,1;27,3;27,1;27,2;10952;12648;12756;18669;15791;8279,8;183,4;27;27,7;27;27,4;27,1;27,1;27;27,3;27,4;27,6;27,6
;;ec64c9c0797d;;;34;22.08.2025;Freitag;August;2025;70009,74;70,01;27,84;27,92;27,59;26,48;27,56;46,87;12631,07;14541,19;2084,76;11404,87;13008,03;15820,3;36,34;26,95;27,14;27,17;27,34;27,16;27,09;25,27;27,5;27;27;27
;;ec64c9c0797d;;;34;21.08.2025;Donnerstag;August;2025;658,23;0,66;27,96;26,96;26,53;27,55;27,83;27,6;26,71;27,42;28,03;27,1;26,91;27,42;27,52;27,67;27,71;27,67;26,85;27,02;27,1;27,29;27,67;27,82;28,12;27,77
;;ec64c9c0797d;;;34;20.08.2025;Mittwoch;August;2025;1160,2;1,16;27,68;26,8;26,43;26,4;26,84;26,4;326,37;234,48;28,19;26,94;27,2;27,7;26,79;27,72;27,92;27,8;27,1;27,32;27,12;27,06;27,05;27,33;27,69;27,87
;;ec64c9c0797d;;;34;19.08.2025;Dienstag;August;2025;1110,71;1,11;27,72;28,09;26,58;26,56;26,54;27,07;337,85;173,92;27,48;27,23;27,11;27,38;27,86;27,94;27,21;27,34;27,49;27,06;26,79;26,88;27;27,02;27,12;27,47
;;ec64c9c0797d;;;34;18.08.2025;Montag;August;2025;24758,77;24,76;27,16;27,19;27,19;27,42;27,16;26,82;11455,45;1031,59;712,12;27,64;27,23;26,96;26,93;3887,22;7154,14;26,92;27,23;27,67;27,48;27,46;27,25;27,45;27,55;27,54
;;ec64c9c0797d;;;33;17.08.2025;Sonntag;August;2025;658,21;0,66;27,6;27,8;27,77;27,81;27,73;27,68;27,55;27,16;27,23;27,18;27,25;27,53;27,6;27,59;27,61;27,26;27,54;27,46;27,23;26,89;26,68;27,79;27,12;27,15
;;ec64c9c0797d;;;33;16.08.2025;Samstag;August;2025;654,47;0,65;26,6;26,9;26,97;27;26,95;27,14;26,61;26,7;27,4;27,6;27,6;31,7;27,3;26,9;27,4;27,3;27,5;26,9;26,8;26,9;27;27,1;27;27,2
;;ec64c9c0797d;;;33;15.08.2025;Freitag;August;2025;10034,41;10,03;27,22;27,32;27,46;27,35;27,49;27,27;26,83;27,48;9039,26;396,67;26,78;27,19;26,82;26,54;27,02;26,73;27,25;27,51;27,3;27,3;26,93;27,34;27,82;27,53
;;ec64c9c0797d;;;33;14.08.2025;Donnerstag;August;2025;30577,19;30,58;27,28;27,39;27,6;27,6;27,72;27,05;15477,31;13931,1;601,24;27,31;26,9;27,56;27,21;26,64;26,64;26,65;26,87;26,37;26,41;26,45;26,98;26,69;27,13;27,09
;;ec64c9c0797d;;;33;13.08.2025;Mittwoch;August;2025;1234,58;1,24;26,86;26,62;26,97;27,28;27,6;27,17;43,52;27,32;27,71;27,31;27,03;26,43;26,65;453;168;27,19;27,73;27,66;26,84;26,48;27,51;27,61;27,04;27,05
;;ec64c9c0797d;;;33;12.08.2025;Dienstag;August;2025;932,69;0,93;27,7;27,53;26,49;26,5;26,53;27,11;26,44;26,66;27,71;27,24;128,42;209,39;26,44;27,35;27,37;27,02;27,19;27,45;26,99;26,77;27,01;27,12;27,13;27,13
;;ec64c9c0797d;;;33;11.08.2025;Montag;August;2025;650,62;0,65;27,13;27,22;27,31;27,16;27,07;26,74;26,97;27,01;26,81;27,16;27,39;26,99;26,64;27,17;26,91;27,28;27,94;26,53;26,91;26,88;27,23;27,05;27,49;27,63
;;ec64c9c0797d;;;32;10.08.2025;Sonntag;August;2025;656,47;0,66;27,5;27,5;27,3;27,52;27,62;27,64;27,58;27,39;27,61;27,74;27,21;27,87;27,76;26,7;27,46;26,78;27,01;27,46;27,36;27,14;27,06;27,03;27,07;27,16
;;ec64c9c0797d;;;32;09.08.2025;Samstag;August;2025;652,46;0,65;27,16;27,3;27;27,1;27,1;27,4;26,9;26,6;27,5;27;27,1;27,5;27,4;27,5;27,6;27,5;27,1;27,1;27;27;26,9;27;27,1;27,6
;;ec64c9c0797d;;;32;08.08.2025;Freitag;August;2025;10268,83;10,27;26,95;26,91;27,38;27,26;27,31;27,16;897,39;7692,2;1025,86;108,26;27,47;27,25;27,15;26,97;27,05;27,56;27,49;27,22;27,57;27,35;27,7;27,46;26,78;27,13
;;ec64c9c0797d;;;32;07.08.2025;Donnerstag;August;2025;7035,03;7,04;27;27,74;27,61;27,59;27,29;27,05;26,84;26,55;26,68;27,3;4874,15;1108,08;26,83;457,41;52,78;26,75;27,26;27,24;26,71;26,89;27,21;26,97;27,66;27,44
;;ec64c9c0797d;;;32;06.08.2025;Mittwoch;August;2025;9440,7;9,44;27,85;27,93;28,14;26,77;26,62;27,25;917,82;610,5;27,03;27,34;35,12;27,56;27,44;2340,43;5017,8;27,18;27,09;27,34;27,51;27,3;27,35;27,66;26,81;26,86
;;ec64c9c0797d;;;32;05.08.2025;Dienstag;August;2025;1080,71;1,08;27,61;27,61;26,98;26,91;26,68;26,45;26,75;26,46;26,44;27,03;27,11;27,55;27,25;27,14;388,71;94,95;27,05;27,17;27,08;27,28;27,44;27,59;27,72;27,75
;;ec64c9c0797d;;;32;04.08.2025;Montag;August;2025;33544,74;33,55;27,35;27,03;26,99;27;26,99;26,84;10110,3;12628,9;7157,57;1029,53;1026,15;698,1;27,77;298,32;161,78;26,79;27,02;26,99;26,94;27;27,07;27,09;27,62;27,6
;;ec64c9c0797d;;;31;03.08.2025;Sonntag;August;2025;661,2;0,66;27,6;27,8;27,8;27,67;27,43;27,64;27,79;27,57;27,62;27,79;27,71;27,18;27,3;27,38;27,06;27,65;27,8;27,11;27,42;27,59;27,57;27,6;27,61;27,51
;;ec64c9c0797d;;;31;02.08.2025;Samstag;August;2025;654,33;0,65;27,61;27,61;27,64;27,64;27,65;27,61;27,47;27,3;27,2;27;27;26,7;26,9;27,1;27;27;27,3;26,8;27;27;27,2;27,5;27,5;27,6
;;ec64c9c0797d;;;31;01.08.2025;Freitag;August;2025;653,25;0,65;26,76;27,01;26,92;26,99;26,71;26,43;26,92;26,94;26,91;27,09;27,29;27,11;26,7;26,96;27,35;27,66;27,8;27,66;28,02;27,94;27,76;27,2;27,55;27,57
;;ec64c9c0797d;;;31;31.07.2025;Donnerstag;Juli;2025;659,71;0,66;27,92;28,11;27,2;26,5;26,4;26,4;27,01;27,04;27,16;27,3;27,27;27,12;26,95;27,26;26,88;26,67;26,69;34,99;27,51;27,53;27,57;27,83;27,44;26,96
;;ec64c9c0797d;;;31;30.07.2025;Mittwoch;Juli;2025;48436,74;48,44;27,93;26,83;26,68;26,53;26,53;26,5;8813,98;15091,8;11970,93;26,71;26,93;27,46;4338,05;7706,22;27,51;27,27;27,34;26,99;27,22;27,21;27,45;27,32;27,58;27,77
;;ec64c9c0797d;;;31;29.07.2025;Dienstag;Juli;2025;2404,16;2,4;27,61;27,82;28,01;27,11;26,48;26,5;27,14;27,22;27,06;27,12;27,08;113,38;255,28;214,69;665,23;634,63;27,71;27,83;27,95;27,55;27,62;27,74;27,8;27,6
;;ec64c9c0797d;;;31;28.07.2025;Montag;Juli;2025;1914,26;1,91;27,6;27,59;27,55;27,5;27,11;26,74;27,09;26,99;26,98;27,25;27,2;27,09;26,96;465,26;656,32;27,35;27,12;219,86;27,46;27,23;27,52;27,36;27,54;27,59
;;ec64c9c0797d;;;30;27.07.2025;Sonntag;Juli;2025;662,46;0,66;28,2;28,2;27,97;27,79;28,12;27,98;27,6;27,22;27,38;27,58;27,6;27,6;27,6;27,28;27,57;27,43;27,52;27,6;27,57;27,2;27,02;27,28;27,55;27,6
;;ec64c9c0797d;;;30;26.07.2025;Samstag;Juli;2025;658,13;0,66;27,6;27,61;27,79;28,07;28,15;28,11;27,6;27,6;27,6;27,6;27,1;26,6;27;27,2;26,7;27,3;27,3;27,6;27,2;26,8;27;27,3;27,5;27,8
;;ec64c9c0797d;;;30;25.07.2025;Freitag;Juli;2025;13917,7;13,92;26,79;26,96;26,96;26,95;26,61;27,36;804,79;1020,38;1025,05;6086,55;3417,78;1070,25;27,38;27,58;27,69;27,65;27,87;27,56;27,59;27,45;27,79;27,9;27,62;27,19
;;ec64c9c0797d;;;30;24.07.2025;Donnerstag;Juli;2025;74002,98;74;26,99;27;26,98;27,01;26,98;26,56;10313,94;12971;17237,7;17294,8;11279,6;3207,86;665,06;594,86;27,33;27,21;27,55;27,91;27,91;27,59;27,63;27,82;28,03;27,66
;;ec64c9c0797d;;;30;23.07.2025;Mittwoch;Juli;2025;26504,58;26,5;26,53;26,83;26,92;27,02;26,97;26,55;3856,73;4370,13;8241,06;4350,86;26,71;26,74;1094,03;3598,38;530,67;27,19;27,22;27,81;27,97;27,48;27,41;27,55;27,96;27,86
;;ec64c9c0797d;;;30;22.07.2025;Dienstag;Juli;2025;1839,12;1,84;26,71;27,04;27,1;27,11;26,99;26,45;819,26;419,63;24,39;26,89;31,8;26,86;26,67;26,85;27,04;24,82;27,55;27,52;27,61;27,72;27,55;27,7;26,73;26,68
;;ec64c9c0797d;;;30;21.07.2025;Montag;Juli;2025;3390,57;3,39;27,56;27,47;27,54;27,53;27,22;26,81;941,9;1026,38;636,19;76,71;27,17;27,46;27,37;27,3;189,62;27,48;27,2;27,56;27,15;27,1;27,19;27,43;27,61;27,62
;;ec64c9c0797d;;;29;20.07.2025;Sonntag;Juli;2025;661,41;0,66;27,6;27,6;27,55;27,61;27,79;27,68;27,6;27,6;27,66;27,73;27,75;27,6;27,2;27,63;27,57;27,33;27,6;27,59;27,6;27,36;27,46;27,45;27,42;27,43
;;ec64c9c0797d;;;29;19.07.2025;Samstag;Juli;2025;659,93;0,66;27,56;27,6;27,55;27,64;27,91;27,84;27,59;27,54;27,6;27,5;26,8;27,6;27,3;27,1;27,7;28,1;27,4;27,6;27,6;27,3;27,4;27,4;27,3;27
;;ec64c9c0797d;;;29;18.07.2025;Freitag;Juli;2025;39353,09;39,35;26,93;26,99;26,95;26,74;26,95;27,13;911,28;3750,69;15688,9;13113,83;4636,75;764,29;27,35;27,5;27,78;27,84;26,96;27;26,96;26,44;26,41;26,59;27,32;27,51
;;ec64c9c0797d;;;29;17.07.2025;Donnerstag;Juli;2025;7424,97;7,42;27,61;28,06;28,15;27,53;26,42;26,67;891,14;1029,6;1024,99;1024,71;236,79;469,87;2271,29;39,57;26,41;27,4;26,76;27,37;27,16;27,09;27,17;27,64;27,68;27,89
;;ec64c9c0797d;;;29;16.07.2025;Mittwoch;Juli;2025;4481,94;4,48;26,97;26,67;26,71;26,88;26,99;27,21;592,69;1024,98;1028,4;1028,25;123,83;26,49;27,01;26,67;26,72;108,85;27,23;27,6;27,35;27,01;27,3;27,53;27,61;27,61
;;ec64c9c0797d;;;29;15.07.2025;Dienstag;Juli;2025;17384,6;17,39;27,61;27,9;27,75;27,84;27,1;26,52;9711,89;4865,08;390,78;299,64;413,73;27,67;26,74;280,43;651,51;31,82;294,4;60,97;27,5;27,59;27,58;27,59;27,83;27,13
;;ec64c9c0797d;;;29;14.07.2025;Montag;Juli;2025;661,89;0,66;27,6;27,6;27,57;27,6;27,55;26,89;26,99;26,25;26,47;26,86;26,41;26,92;26,57;27,1;38,17;27,27;27,14;27,63;27,26;26,68;26,95;27,24;27,54;27,63
;;ec64c9c0797d;;;28;13.07.2025;Sonntag;Juli;2025;657,98;0,66;27,4;27,6;27,57;27,57;27,63;27,47;27,21;27,18;27,3;27,2;27,47;27,25;27,4;27,38;27,28;27,45;27,4;27,68;27,65;27,59;27,52;27,21;27,09;27,48
;;ec64c9c0797d;;;28;12.07.2025;Samstag;Juli;2025;651,8;0,65;27,3;27,2;27,1;27,1;27,3;27,2;27;27;26,7;27;27;27,4;27,5;27,2;27;27,7;27,3;27,4;26,9;26,9;27,1;27,1;27,2;27,2
;;ec64c9c0797d;;;28;11.07.2025;Freitag;Juli;2025;27682,67;27,68;27,3;27,19;27,5;27,28;27,24;27,04;26,73;27,2;26,94;26,6;5537,76;15993,5;5569,61;38,75;26,54;27,12;27,01;27,53;26,93;27,2;27,7;27,7;27;27,3
;;ec64c9c0797d;;;28;10.07.2025;Donnerstag;Juli;2025;650,42;0,65;27,92;27,28;26,94;27,03;26,97;27,51;26,77;26,47;27,29;26,77;26,48;26,69;26,94;26,78;26,93;26,94;27,24;27,45;27,23;27,35;27,19;27,38;27,68;27,19
;;ec64c9c0797d;;;28;09.07.2025;Mittwoch;Juli;2025;5339;5,34;26,56;27,22;27,78;27,86;27,6;27,32;26,63;26,65;26,47;26,62;26,56;26,39;26,71;3700,04;1045,13;26,75;27,44;27,42;26,48;26,58;27,29;27,26;27,36;26,88
;;ec64c9c0797d;;;28;08.07.2025;Dienstag;Juli;2025;1553,46;1,55;26,53;26,57;26,57;26,81;26,74;27,09;631,15;326,72;27,09;27,03;27,13;26,43;26,83;27,07;27,33;27,26;27,1;27,43;27,6;27,24;27,83;27,52;27,27;27,12
;;ec64c9c0797d;;;28;07.07.2025;Montag;Juli;2025;21319,58;21,32;27,16;27,28;27,25;27,31;27,03;27,51;26,66;27,06;26,54;26,87;26,73;26,53;4268,25;8083,87;8397,99;27,09;27,25;27,07;27,08;27,32;27,65;27,63;27,57;26,88
;;ec64c9c0797d;;;27;06.07.2025;Sonntag;Juli;2025;655,82;0,66;27,4;27,3;27,16;27,48;27,64;27,65;27,58;27,72;27,64;27,14;27,13;27,16;27,13;27,22;27,18;27,48;27,61;27,54;27,14;27,1;27,02;27,12;27,1;27,18
;;ec64c9c0797d;;;27;05.07.2025;Samstag;Juli;2025;54836,64;54,84;27,31;27,1;27,11;27,14;27,28;4995,2;10263;12225;14826;11869,2;165,4;27,2;27,6;27,6;27,7;27,6;27,6;27,5;27,1;27,2;27,4;27,3;27,6;27,5
;;ec64c9c0797d;;;27;04.07.2025;Freitag;Juli;2025;22373,34;22,37;27,5;27,6;27,33;27,8;26,85;27,44;27,12;26,77;27,27;4723,64;14397,8;2680,75;26,47;27,01;27,13;27,2;27,59;27,74;27,83;27,37;26,44;26,53;26,94;27,22
;;ec64c9c0797d;;;27;03.07.2025;Donnerstag;Juli;2025;662,43;0,66;27,23;27,06;26,54;27,73;27,45;27,37;27,15;26,96;26,91;26,84;38,37;27,21;26,84;26,98;26,8;26,93;27,45;27,15;27,44;27,49;27,14;27,06;27,13;27,2
;;ec64c9c0797d;;;27;02.07.2025;Mittwoch;Juli;2025;685,17;0,69;26,92;27,09;27,21;27,23;27,52;26,78;26,73;26,55;26,81;27,02;27,58;64,82;26,92;26,67;26,88;27,06;27,37;27,14;26,84;26,6;26,8;26,58;27,4;26,65
;;ec64c9c0797d;;;27;01.07.2025;Dienstag;Juli;2025;652,83;0,65;27,37;27,28;27,38;27,65;26,92;27,42;26,74;26,89;26,95;27,39;27,15;26,76;26,63;27,84;27,14;27,21;27,54;27,78;27,8;27,31;26,94;26,99;26,81;26,94
;;ec64c9c0797d;;;27;30.06.2025;Montag;Juni;2025;662,5;0,66;27,12;27,22;27,28;27,18;27,09;26,76;26,88;26,69;29,15;37,05;27,28;27,64;26,71;27,41;26,73;27,1;26,88;27,08;27,25;26,99;26,77;27,22;27,5;27,52
;;ec64c9c0797d;;;26;29.06.2025;Sonntag;Juni;2025;652,87;0,65;26,82;27,08;27,13;27,34;27,42;27,5;27,62;27,26;27,19;27,54;27;27,38;27,28;27,17;27,09;27,15;27,32;27,35;27,18;27,05;26,99;26,99;27;27,02
;;ec64c9c0797d;;;26;28.06.2025;Samstag;Juni;2025;653,12;0,65;27,58;27,59;27,7;27,76;27,77;27,72;27,46;26,98;26,6;27,06;26,95;26,78;27,09;27,59;27,58;27,56;27,11;26,86;26,65;26,97;26,92;26,87;26,75;27,22
;;ec64c9c0797d;;;26;27.06.2025;Freitag;Juni;2025;22622,74;22,62;27,18;27,06;27,3;27,27;27,59;27,31;982,17;1024,97;1871,69;12076,69;4618,95;1316,42;272,03;26,82;26,54;26,54;26,83;27;26,66;26,53;26,58;27,21;27,66;27,74
;;ec64c9c0797d;;;26;26.06.2025;Donnerstag;Juni;2025;34322,63;34,32;27,42;27,68;27,61;27,2;27,61;27,43;879,19;1025,94;1024,8;6647,78;12727,7;8375,06;1031,63;1032,6;973,61;224,52;26,81;26,62;26,59;26,92;26,87;27;27,01;27,03
;;ec64c9c0797d;;;26;25.06.2025;Mittwoch;Juni;2025;25825,84;25,83;27,55;27;26,64;26,41;26,42;26,35;882,04;1025,97;1027,31;1325,52;11269,43;7802,16;1027,41;1027,43;34,14;27,3;27,32;26,46;26,42;27,19;27,26;27,13;27,27;27,71
;;ec64c9c0797d;;;26;24.06.2025;Dienstag;Juni;2025;50699,86;50,7;27,22;27,43;27,55;27,46;27,26;27;9567,03;16108,4;10598,7;1030,97;1027,5;1208,87;7573,77;1033,77;1027,23;458,08;76,48;27,02;26,99;26,9;27,23;27,5;27,5;27,67
;;ec64c9c0797d;;;26;23.06.2025;Montag;Juni;2025;73164,24;73,16;26,88;26,95;26,89;27,46;27;26,59;1274,68;1078,68;12166,4;16344,03;1027,91;1026,41;10593,8;19118,9;10123,76;29,78;27,19;27,28;27,26;27,03;27,63;27,54;27,04;27,15
;;ec64c9c0797d;;;25;22.06.2025;Sonntag;Juni;2025;658,79;0,66;27,56;27,63;27,28;27,21;27,15;27,09;27,06;27,39;27,44;33,35;26,96;26,9;27,1;26,91;26,6;26,85;27,2;27,5;27,84;27,74;27,41;27,25;26,74;26,63
;;ec64c9c0797d;;;25;21.06.2025;Samstag;Juni;2025;2976,88;2,98;27,07;27,1;27,37;27,19;27,48;27,36;384,03;389,9;388,87;356,35;734,24;200,86;27,41;27,55;27,57;27,37;26,83;27,51;27,3;27,02;26,84;26,98;26,96;27,33
;;ec64c9c0797d;;;25;20.06.2025;Freitag;Juni;2025;12209,19;12,21;27,48;25,38;26,84;27,2;27,03;27,56;8312,23;758,96;664,82;664,41;663,76;656,31;26,64;26,61;26,9;27,46;27,5;26,98;26,92;26,86;27,61;27,6;26,93;26,95
;;ec64c9c0797d;;;25;19.06.2025;Donnerstag;Juni;2025;3251,01;3,25;27,78;26,99;26,56;26,61;26,67;26,53;35,88;26,99;28,32;27,08;196,44;390,88;980,99;1023,98;133,27;27,5;27,21;27,59;27,76;27,3;27,25;26,98;27,2;27,25
;;ec64c9c0797d;;;25;18.06.2025;Mittwoch;Juni;2025;49385,89;49,39;27,42;27,51;27,75;27,77;27,85;27,5;28,92;396,93;402,28;6592,12;15138,07;16995,8;8411,78;660,14;347,59;27,08;27,07;27,24;27,56;27,27;27,62;27,49;27,47;27,66
;;ec64c9c0797d;;;25;17.06.2025;Dienstag;Juni;2025;47595,02;47,59;27,22;26,84;27,02;27,01;26,84;27,51;9085,33;8379,66;7373,84;1412,1;13296,83;5920,66;791,04;674,91;252,89;27,45;27,36;27,74;27,26;26,97;26,91;27,03;27,02;27,58
;;ec64c9c0797d;;;25;16.06.2025;Montag;Juni;2025;651,43;0,65;26,97;27,02;26,89;27,2;27,18;27,16;26,99;26,51;26,72;27,24;27,06;27,04;27,03;26,85;27,13;26,78;27,25;27,64;27,57;27,23;27,54;27,52;27,76;27,15
;;ec64c9c0797d;;;24;15.06.2025;Sonntag;Juni;2025;652,75;0,65;27,08;27,1;27,44;27,42;27,4;27,29;27,41;27,36;27,1;27,03;27,16;27,01;27,23;27,12;27,33;27,36;27,65;27,46;27,21;26,81;27,09;26,89;26,78;27,02
;;ec64c9c0797d;;;24;14.06.2025;Samstag;Juni;2025;649,18;0,65;27,07;27,05;27,16;27,41;27,51;27,35;27,13;27,05;26,76;27,02;26,82;27,74;26,86;26,68;27,2;27,28;27,36;26,94;26,77;26,78;26,55;26,95;26,98;26,76
;;ec64c9c0797d;;;24;13.06.2025;Freitag;Juni;2025;796,94;0,8;27,02;26,91;26,7;26,57;26,55;26,6;27,05;26,97;26,87;134,89;26,9;26,99;26,95;27,01;66,71;27,37;27,69;26,74;26,56;27,43;27,58;27,7;27,61;27,57
;;ec64c9c0797d;;;24;12.06.2025;Donnerstag;Juni;2025;749,51;0,75;26,72;26,89;27,01;27,07;24,68;26,91;26,75;26,67;26,55;26,82;26,77;27,45;27,24;27,26;125;26,89;27,52;27,61;27,92;27,48;27,59;27,56;27,46;27,43
;;ec64c9c0797d;;;24;11.06.2025;Mittwoch;Juni;2025;663,88;0,66;27,26;27,04;26,94;26,9;26,74;27,7;37,78;26,85;26,91;28,55;26,62;27,09;27,3;27,15;27,45;27,21;27,38;27,19;27,24;27,25;27,3;27,18;27,62;27,23
;;ec64c9c0797d;;;24;10.06.2025;Dienstag;Juni;2025;976,89;0,98;27,67;27,66;27,49;27,25;27,51;27,05;26,94;36,38;26,47;26,81;27,16;26,9;26,89;310,56;59,32;26,96;27,09;27,07;26,93;26,95;27,23;27,46;27,53;27,61
;;ec64c9c0797d;;;24;09.06.2025;Montag;Juni;2025;664,12;0,66;28,1;28,08;27,75;27,98;28,18;28,17;28,19;28,2;27,99;27,84;27,68;27,54;27,57;27,37;27,21;27,25;26,74;27,71;27,59;27,23;27,37;27,26;27,51;27,61
;;ec64c9c0797d;;;23;08.06.2025;Sonntag;Juni;2025;654,92;0,66;24,96;27,12;26,97;26,8;27,13;27,89;27,55;27,08;27,93;27,44;27,27;27,17;27,57;27,6;27,58;26,97;26,95;27,02;26,51;27,19;27,24;27,27;27,67;27,79
;;ec64c9c0797d;;;23;07.06.2025;Samstag;Juni;2025;6705,79;6,71;27,09;27,46;27,57;27,74;27,65;27,65;27,33;27,05;26,96;1655;4445,21;27,22;27,51;27,74;27,59;27,22;27,61;27,58;27,74;27,67;25,12;27,74;28,09;27,94
;;ec64c9c0797d;;;23;06.06.2025;Freitag;Juni;2025;9527,72;9,53;26,96;26,76;26,74;26,81;26,86;27,43;27,18;26,9;27,03;26,78;27,34;26,91;3155,86;5559,79;245,43;26,91;27,18;27,17;26,53;26,85;26,62;26,85;27,48;27,35
;;ec64c9c0797d;;;23;05.06.2025;Donnerstag;Juni;2025;8211,03;8,21;26,99;27,16;26,94;26,98;26,71;26,61;6887,99;27,11;27,16;26,79;350,68;27,17;27,02;27,31;189,6;239,97;27,17;27,45;26,76;27,6;27,78;27,86;27,36;26,86
;;ec64c9c0797d;;;23;04.06.2025;Mittwoch;Juni;2025;7789,13;7,79;26,96;27;26,91;26,89;26,89;26,53;27,17;265,94;394,16;389,61;3956,19;2214,01;27,1;27,3;27,66;56,58;38,61;31,89;34,37;27,52;27,6;27,64;27,71;26,89
;;ec64c9c0797d;;;23;03.06.2025;Dienstag;Juni;2025;26098,99;26,1;27,09;27,11;26,88;26,97;27,51;44,75;10930,29;741,08;26,99;27,08;27,2;27,52;1768,68;3945,6;4946,28;3258,05;27,34;27,3;27,54;27,52;27,59;27,49;27,8;27,33
;;ec64c9c0797d;;;23;02.06.2025;Montag;Juni;2025;828,63;0,83;27,47;27,61;27,52;27,53;27,37;26,99;27,22;27,08;27,08;27,07;27,14;26,84;26,74;26,89;26,89;203,62;27,6;27,5;27,78;27,23;26,55;26,83;27,06;27,02
;;ec64c9c0797d;;;22;01.06.2025;Sonntag;Juni;2025;651,43;0,65;27,57;27,51;27,51;27,75;27,53;27,34;27,74;26,62;26,81;26,45;27,35;26,76;26,6;26,61;26,79;24,77;26,65;26,54;27,19;27,56;27,58;27,38;27,27;27,3
;;ec64c9c0797d;;;22;31.05.2025;Samstag;Mai;2025;657;0,66;27,2;27,19;27,55;27,46;27,34;27,5;27,11;27,33;27,56;27,31;27,22;27,14;27,11;26,98;26,76;27,77;27,58;27,81;27,73;27,42;27,58;27,53;27,37;27,45
;;ec64c9c0797d;;;22;30.05.2025;Freitag;Mai;2025;966,78;0,97;26,94;27,12;26,99;27,17;27,17;26,99;26,85;344,65;27,86;27,52;26,75;24,82;27,13;27,36;26,87;26,78;26,8;26,65;26,95;26,87;26,97;26,95;24,8;27,33
;;ec64c9c0797d;;;22;29.05.2025;Donnerstag;Mai;2025;653,48;0,65;27;26,98;26,96;27,34;27,55;27,48;27,52;27,66;27,46;27,18;27,36;27,2;27,44;27,51;27,36;27,41;26,99;26,93;26,84;27,02;27,1;27,07;27,11;27,01
;;ec64c9c0797d;;;22;28.05.2025;Mittwoch;Mai;2025;9266,11;9,27;26,87;27,03;26,96;26,98;27,06;26,77;952,45;940,02;27,09;3845,08;1127,94;1651,71;271,29;30,34;27,73;26,89;16,08;27,35;26,46;26,82;26,91;26,92;26,64;26,72
;;ec64c9c0797d;;;22;27.05.2025;Dienstag;Mai;2025;56126,83;56,13;26,99;26,89;26,82;26,76;27,17;27,9;13972,66;1030,72;1026,69;1026,27;1030,24;15138,2;14407,3;7963,81;100,54;27,62;27,12;27,54;47,82;27,25;27,39;27,54;27,65;27,94
;;ec64c9c0797d;;;22;26.05.2025;Montag;Mai;2025;106818,95;106,82;27,3;27,21;27,22;27,23;27,31;26,93;12368,86;16022,5;13519,65;17426,6;13558,64;12269,1;14844,8;5574,98;824,57;27,27;27,74;27,77;26,9;27,4;27,96;26,98;26,97;27,06
;;ec64c9c0797d;;;21;25.05.2025;Sonntag;Mai;2025;657,21;0,66;27,69;27,6;27,66;27,54;27,57;27,62;27,59;27,04;27,04;27,02;27,46;27,11;27,65;27,15;27,25;27,02;27,38;26,99;27,42;27,42;27,47;27,44;27,58;27,5
;;ec64c9c0797d;;;21;24.05.2025;Samstag;Mai;2025;68485,95;68,49;27,52;27,63;27,51;27,7;27,77;27,88;11815,07;12604,66;14213,49;16220,49;11607,85;119,29;27,27;27,61;27,18;27,33;27,44;27,05;27;26,86;27,36;27,64;27,74;27,71
;;ec64c9c0797d;;;21;23.05.2025;Freitag;Mai;2025;85478,56;85,48;27,05;27,06;27,04;27,04;27,07;27,07;9423,79;13986,8;15106;15729,9;17371,1;10213,36;3161,77;26,68;27,1;52,65;26,82;27,02;27,03;26,83;27,14;27,2;27,42;27,62
;;ec64c9c0797d;;;21;22.05.2025;Donnerstag;Mai;2025;824,79;0,82;27,8;27,91;27,76;27,68;27,08;26,94;27,01;27,33;26,83;27,38;198,61;27,05;27,05;26,99;27,58;26,86;27,07;26,76;26,72;27,3;27,75;27,34;27;26,99
;;ec64c9c0797d;;;21;21.05.2025;Mittwoch;Mai;2025;654,33;0,65;29,23;29,36;29,5;29,41;27,2;26,05;27,35;27,58;27,3;18,9;26,88;27,36;26,98;26,99;27,31;27,53;26,96;26,86;27,4;27,52;27,54;27,8;27,63;27,69
;;ec64c9c0797d;;;21;20.05.2025;Dienstag;Mai;2025;676,89;0,68;27,07;27,08;26,87;26,67;26,5;25,85;26,74;26,09;27,54;29,08;28,57;28,37;27,74;27,59;28,2;27,73;28,05;37,12;29,09;28,7;29,47;28,88;28,56;29,33
;;ec64c9c0797d;;;21;19.05.2025;Montag;Mai;2025;732,48;0,73;27,87;28,17;27,61;27,41;26,71;27,07;28,13;27,51;27,65;28,15;27,86;27,48;27,82;28,19;29,37;28,54;29,22;85,24;29,52;28,76;28,83;28,84;29,3;27,23
;;ec64c9c0797d;;;20;18.05.2025;Sonntag;Mai;2025;682,04;0,68;28,42;28,28;28,21;28,26;28,08;27,73;27,8;27,88;28,41;28,36;28,11;28,59;28,8;29,14;29,31;29,47;29,07;28,59;28,48;28,2;28,16;28,36;28,09;28,24
;;ec64c9c0797d;;;20;17.05.2025;Samstag;Mai;2025;686,81;0,69;27,97;28,26;27,87;28,14;27,83;27,9;27,67;28,03;27,98;27,7;38,2;27,79;27,92;27,7;29,07;29,78;28,53;27,92;28,41;28,66;28,28;28,26;28,46;28,48
;;ec64c9c0797d;;;20;16.05.2025;Freitag;Mai;2025;36866,71;36,87;27,09;26,96;26,7;26,6;26,57;26,17;266,77;4920,51;6694,93;9071,1;7349,22;8066,99;28,95;27,41;27,48;28,22;29,15;29,81;28,01;27,67;27,25;27,26;27,8;28,09
;;ec64c9c0797d;;;20;15.05.2025;Donnerstag;Mai;2025;32630,05;32,63;26,57;27,28;26,89;26,34;25,82;23,65;5177,9;7154,7;6594,03;5760,29;5708,33;275,71;254,62;277,27;71,61;29,23;29,42;27,7;27,6;27,17;27,46;27,14;27,27;27,09
;;ec64c9c0797d;;;20;14.05.2025;Mittwoch;Mai;2025;1027,41;1,03;27,78;27,8;27,59;27,59;27,3;26,15;27,02;27,79;195,26;215,09;27,88;29,25;29,35;29,51;29,64;28,81;27,06;28,1;28,57;27,99;28,12;28,33;28,87;26,56
;;ec64c9c0797d;;;20;13.05.2025;Dienstag;Mai;2025;53723,81;53,72;26,71;27,23;27,44;27,61;27,75;26,78;5921,32;5457,6;5857,35;2732,05;7623;6867,04;5478,13;7370,04;4730,25;1301,43;29,73;28,74;28,15;26,9;26,99;27;27,04;27,53
;;ec64c9c0797d;;;20;12.05.2025;Montag;Mai;2025;35656,46;35,66;28,22;28,42;28,63;28,17;27,85;24,7;348,05;397,41;396,27;393,31;2569,58;8256,95;6891,1;6837,17;8054,1;1119,81;29,41;30,36;28,24;27,08;27,2;27,68;27,84;24,45
;;ec64c9c0797d;;;19;11.05.2025;Sonntag;Mai;2025;685,12;0,69;28,85;28,4;28,48;28,42;28,54;28,27;28,01;28,32;28,49;28,34;27,85;29,57;29,52;29,57;29,56;28,57;27,52;27,98;27,3;28,61;28,54;28,4;28,73;29,28
;;ec64c9c0797d;;;19;10.05.2025;Samstag;Mai;2025;9752,87;9,75;28,04;28,23;27,77;27,82;28,12;28,04;5015,21;3015,26;396,27;393,39;394,74;31,01;27,54;27,32;28,06;28,04;25,06;27,7;27,29;28,49;28,08;28,66;28,87;29,26
;;ec64c9c0797d;;;19;09.05.2025;Freitag;Mai;2025;45581,82;45,58;24,99;27,46;27,08;26,73;26,51;142,94;9018,18;8365,78;6340,99;8932,12;5974,09;5468,19;889,48;28,31;29;29,17;28,55;27,83;27,53;29,59;29,49;29,63;28,06;27,87
;;ec64c9c0797d;;;19;08.05.2025;Donnerstag;Mai;2025;10074,11;10,07;29,31;28,59;26,74;26,47;26,23;27,86;402,64;398,57;395,08;398,37;396,94;396,42;396,05;396,25;5574,36;926,01;28,95;27,71;27,61;29,01;29,17;29,12;29,2;27,45
;;ec64c9c0797d;;;19;07.05.2025;Mittwoch;Mai;2025;13771,96;13,77;275,52;275,42;274,8;275,51;274,93;274,78;277,16;277,9;145,28;28,6;31,98;27,06;27,41;5749,14;4859,5;278,04;212,23;38,27;27,38;26,7;26,76;29,01;29,2;29,38
;;ec64c9c0797d;;;19;06.05.2025;Dienstag;Mai;2025;5049,45;5,05;276,51;275,62;276,38;277,57;277,46;277,37;276,24;99,07;26,74;26,61;27,2;27,31;27,54;108,91;277,28;276,79;277,57;278,12;276,62;276,44;276,36;276,67;276,92;276,15
;;ec64c9c0797d;;;19;05.05.2025;Montag;Mai;2025;76024,23;76,02;27,01;26,83;27,21;26,67;26,2;26,88;703;6325,1;7961,9;8316,29;8815,7;8737,22;8207,1;8304,53;9951,11;5577,12;278,33;275,97;276,39;277,43;277,34;277,35;278,06;276,49
;;ec64c9c0797d;;;18;04.05.2025;Sonntag;Mai;2025;666,92;0,67;27,95;28,04;28,09;27,74;28,12;28,25;28,28;28,45;28,09;28,03;27,9;25,7;28,16;27,99;27,33;27,47;26,84;26,75;27,96;28,23;28,2;27,19;26,79;27,05
;;ec64c9c0797d;;;18;03.05.2025;Samstag;Mai;2025;933,98;0,93;28,01;28,21;28,38;28,45;28,74;28,2;257,76;51,42;27,65;28,18;27,78;30,77;27,67;27,73;27,82;29,31;29,25;28,73;28,88;28,3;28,57;27,92;28,17;28,08
;;ec64c9c0797d;;;18;02.05.2025;Freitag;Mai;2025;671,03;0,67;29,13;28,81;28,31;28,41;27,93;27,4;27,09;28,83;29,38;28;27,21;27,22;27,34;27,79;27,83;28,55;28,04;28,03;27,82;27,23;27,46;27,41;27,8;28,01
;;ec64c9c0797d;;;18;01.05.2025;Donnerstag;Mai;2025;676,1;0,68;28,1;28,39;28,38;28,45;28,42;28,69;28,21;28,01;28,8;28,7;28,22;28,04;27,61;27,72;28,05;28,19;27,66;28,16;27,61;28,11;27,63;27,95;28,38;28,62
;;ec64c9c0797d;;;18;30.04.2025;Mittwoch;April;2025;41049,73;41,05;26,97;26,71;26,55;26,83;26,31;26,66;3633,7;6784,72;9609,92;7918,2;8940,3;3130,82;276,05;276,19;63,61;29,71;28,41;27,61;27,55;28,74;28,68;29,5;28,27;27,72
;;ec64c9c0797d;;;18;29.04.2025;Dienstag;April;2025;664,77;0,67;27,37;27,5;27,56;26,73;26,58;25,9;25,52;29,62;27,33;27,74;28,04;26,87;27,04;27,17;27,28;28,61;28,2;27,46;29,08;27,93;28,33;28,94;29,05;28,92
;;ec64c9c0797d;;;18;28.04.2025;Montag;April;2025;23530,45;23,53;27,42;27,42;27,7;27,51;26,64;27,78;26,65;30,81;26,64;27,07;26,68;26,74;26,79;119,69;6402,87;8281,1;8153,64;45,02;28,8;28,79;28,43;28,67;28,78;28,81
;;ec64c9c0797d;;;17;27.04.2025;Sonntag;April;2025;674,83;0,68;28,27;28,2;28,32;28,05;28,04;27,92;27,69;28,12;28,72;28,29;27,85;29;29,58;29,51;28,54;28,94;27,83;27,93;27,32;27,6;27,51;27,23;27,37;27
;;ec64c9c0797d;;;17;26.04.2025;Samstag;April;2025;671,96;0,67;27,73;27,66;27,78;27,86;27,59;26,76;26,29;26,32;26,61;27,19;27,99;28,7;29,11;29,34;28,21;28,02;29,15;29,51;29,12;28,4;27,97;28,04;28,25;28,36
;;ec64c9c0797d;;;17;25.04.2025;Freitag;April;2025;681,69;0,68;26,77;26,67;26,68;26,47;26,21;25,8;26,38;28,34;28,45;27,24;28,35;27,61;45,59;27,55;28,5;28,64;28,61;28,69;28,78;28,39;28,06;28,39;27,73;27,79
;;ec64c9c0797d;;;17;24.04.2025;Donnerstag;April;2025;662,27;0,66;27,25;27,59;27,56;27,61;27,57;26,2;26,76;26,83;27,21;27,91;28,31;29,48;27,41;27,72;28,3;28,09;28,02;28,12;26,89;27,26;27,57;28,02;27,65;26,94
;;ec64c9c0797d;;;17;23.04.2025;Mittwoch;April;2025;7511,68;7,51;27,06;26,75;27,01;27,41;26,44;27,23;26,09;25,91;2785,97;3866,04;208,64;100,84;27,57;27,16;27,33;27,79;27,7;27,86;27,72;27,96;28,19;28,15;29,42;29,44
;;ec64c9c0797d;;;17;22.04.2025;Dienstag;April;2025;1646,85;1,65;28,19;28,1;28,09;27,91;27,18;26,25;26,46;28,76;26,09;25,89;26,74;44,06;279,47;277,44;276,05;247,31;27,84;28,58;28,12;27,61;27,53;28,32;28,33;26,53
;;ec64c9c0797d;;;17;21.04.2025;Montag;April;2025;671,88;0,67;28,97;28,71;28,07;28,34;28,26;27,98;27,44;27,77;28,03;27,82;27,75;27,72;28,42;28,6;28,51;28,85;28,6;28,26;26,86;27,04;27,03;27,26;27,62;27,97
;;ec64c9c0797d;;;16;20.04.2025;Sonntag;April;2025;677,34;0,68;28,16;28,32;28,44;28,27;28,45;28,44;28,18;28,41;28,58;28,77;28,13;27,46;27,95;27,81;28,93;27,91;28,94;28,16;27,47;26,94;28,09;28,58;28,56;28,39
;;ec64c9c0797d;;;16;19.04.2025;Samstag;April;2025;670,85;0,67;27,93;28,01;28,14;28,19;28,43;28,02;27,22;26,65;27,5;27,74;27,08;27,74;27,24;29,14;27,79;28,55;29,01;29,87;27,34;27,61;28,04;27,81;27,91;27,89
;;ec64c9c0797d;;;16;18.04.2025;Freitag;April;2025;664,7;0,67;27,22;28,98;27,86;27,59;27,73;27,54;27,66;27,72;27,65;27,2;27,23;27,07;27,8;27,8;27,97;28,43;28,42;28,04;27,79;27,29;27,52;27,16;27,27;27,76
;;ec64c9c0797d;;;16;17.04.2025;Donnerstag;April;2025;43813,72;43,81;26,52;26,71;26,71;26,45;26,36;2945,77;5465,65;684,01;3918,06;6252,1;5390;5836,18;6472,6;6400,55;48,1;30,77;27,99;28,1;28,38;29,01;28,37;28,39;27,17;27,28
;;ec64c9c0797d;;;16;16.04.2025;Mittwoch;April;2025;65958,56;65,96;26,59;27,61;27,23;27,09;27,07;30,12;6289,9;6854,16;8365,47;10002,35;9597,7;8391,48;6387,24;5763,38;3876,91;40,89;28,79;28,37;27,86;27,81;28,09;28,08;27,64;26,73
;;ec64c9c0797d;;;16;15.04.2025;Dienstag;April;2025;5720,83;5,72;28,94;28,94;28,86;29,28;28,42;27,78;320,46;4532,84;220,76;27,84;27,78;27,8;27,87;28,94;29,33;29,03;78,28;28,33;27,56;27,92;27,92;27,97;28,95;29,03
;;ec64c9c0797d;;;16;14.04.2025;Montag;April;2025;13018,26;13,02;27,34;27,52;27,03;27,09;26,49;27,39;27,56;121,48;6228,85;1196,16;28,73;27,78;27,44;29,07;29,61;32,54;4496,68;396,11;69,9;28,01;28,52;28,56;29,28;29,12
;;ec64c9c0797d;;;15;13.04.2025;Sonntag;April;2025;676,42;0,68;29,31;28,81;28,6;28,93;28,36;28,49;28,53;27,85;28,38;27,61;27,72;28,06;28,28;28,76;28,71;28,74;28,27;28,74;28,78;25,41;27,66;27,56;27,67;27,19
;;ec64c9c0797d;;;15;12.04.2025;Samstag;April;2025;865,73;0,87;27,77;27,7;27,84;28,01;28,19;28,2;27,45;27,05;62,27;145,71;68,53;27,42;27,33;27,08;27,62;28,38;27,8;28,95;29,27;28,55;28,46;28,72;28,62;28,81
;;ec64c9c0797d;;;15;11.04.2025;Freitag;April;2025;7979,45;7,98;26,92;26,75;27,24;26,81;26,31;26,12;49,23;50;6210,17;388,24;279,75;278,9;189,05;98,92;27,44;28,17;28,42;27,21;27,12;27,25;27,08;27,5;27;27,85
;;ec64c9c0797d;;;15;10.04.2025;Donnerstag;April;2025;21325,73;21,33;26,21;26,26;26,36;26,86;26,43;25,77;26,04;5862,75;7839,9;2189,01;2695,3;967,2;398,63;399,37;400,6;166,03;28,5;27,76;26,99;27,75;27,85;27,62;28,3;28,24
;;ec64c9c0797d;;;15;09.04.2025;Mittwoch;April;2025;3323,93;3,32;27,36;26,94;26,43;26,19;28,03;27,69;269,46;396,51;397,13;397,42;396,51;397,27;268,04;145,92;146,97;129,97;27,82;26,73;25,76;27,19;27,37;27,59;27,28;26,35
;;ec64c9c0797d;;;15;08.04.2025;Dienstag;April;2025;23961,66;23,96;26,86;26,79;26,55;27,09;26,02;26,92;26,4;334,46;393,38;2839,28;5363,21;5481,33;362,06;148,03;1386,91;7246,04;26,61;27,14;28,23;27,16;27,18;27,91;28,36;27,74
;;ec64c9c0797d;;;15;07.04.2025;Montag;April;2025;666,82;0,67;27,69;27,92;27,75;27,21;26,74;26,66;26,47;26,24;26,47;27,64;28,64;32,84;27,32;28,03;28,73;29,07;27,04;27,69;27,21;27,65;27,58;28,49;28,47;27,27
;;ec64c9c0797d;;;14;06.04.2025;Sonntag;April;2025;671,57;0,67;28,5;28,7;28,85;28,83;28,66;28,43;28,07;27,89;28,43;28,31;27,71;26,87;27,02;27,86;28,16;29,16;28,21;27,67;26,87;27,76;27,44;27,03;27,41;27,73
;;ec64c9c0797d;;;14;05.04.2025;Samstag;April;2025;668,63;0,67;28,27;28,52;28,2;27,94;27,61;27,64;27,54;26,81;27,4;27,7;27,7;28;27,4;27,4;27,9;27,8;28,4;27,9;27,6;28,1;27,9;28,1;28,3;28,5
;;ec64c9c0797d;;;14;04.04.2025;Freitag;April;2025;14604,61;14,61;27,39;27,33;27,54;27,03;26,74;1856,7;6593,3;4240,61;487,94;279,61;278,49;278,08;146,63;27,19;28,14;29,5;27,94;27,59;27,3;26,94;29,04;27,5;28,06;28,02
;;ec64c9c0797d;;;14;03.04.2025;Donnerstag;April;2025;47939,87;47,94;27,03;27,95;27,91;28,15;26,4;1350,81;6445,9;7020,99;8123,05;8948,49;2114,34;28,22;27,86;6018,72;7345,65;153,53;29,06;28,45;27,23;28;29,47;27,5;27,58;27,58
;;ec64c9c0797d;;;14;02.04.2025;Mittwoch;April;2025;25549,11;25,55;27,6;27,66;27,57;27,53;27,31;26,87;6846,57;8053,06;4003,48;27,53;28,01;27,47;1339,67;3831,13;970,99;29,38;27,74;28,17;28,34;28,77;29,4;29,38;27,61;27,87
;;ec64c9c0797d;;;14;01.04.2025;Dienstag;April;2025;19852,04;19,85;27,36;27,4;27,49;27,4;26,47;58,2;393,49;1203,03;1309,83;262,28;115,67;278,52;3180,83;5629,44;5949,34;1112,77;29,29;28,91;27,45;26,96;27,1;27,6;27,59;27,62
;;ec64c9c0797d;;;14;31.03.2025;Montag;März;2025;11875,08;11,88;27,46;27,76;27,32;26,81;26,42;25,91;26,82;133,9;6682,2;4221,57;29,53;28,53;27,29;98,01;210,3;28,26;27,68;28,92;28,68;28,17;28,27;28,38;28,94;27,95
;;ec64c9c0797d;;;13;30.03.2025;Sonntag;März;2025;631,92;0,63;28,2;27,98;0;28,04;28,44;27,84;27,6;26,69;27,36;27,34;27,57;27,46;27,46;27,58;27,43;27,58;27,41;27,58;27,22;27,28;27,43;27,24;26,48;26,71
;;ec64c9c0797d;;;13;29.03.2025;Samstag;März;2025;36323,85;36,32;27,71;27,82;27,92;27,9;27,84;27,76;1183,8;7917,4;6350,6;7004;6819;6539;28,8;29;28,5;29,6;29,4;29,1;28,1;27,9;28,3;28,1;28;28,3
;;ec64c9c0797d;;;13;28.03.2025;Freitag;März;2025;55526,53;55,53;26,71;26,67;26,48;26,46;27,19;27,62;1876,45;6735,5;7745,4;5738,97;8063,09;5963,56;7057,93;6822,67;5088,72;52,35;28,33;27,66;27,14;27,32;27,49;27,22;27,82;27,78
;;ec64c9c0797d;;;13;27.03.2025;Donnerstag;März;2025;44944,63;44,95;26,65;26,67;27,38;28,28;26,14;25,62;25,74;3777,8;6578,49;7584,2;7600,1;9751,5;8914,6;274,38;29,33;29,75;27,13;27,06;27,19;26,8;27,56;28,06;27,71;26,49
;;ec64c9c0797d;;;13;26.03.2025;Mittwoch;März;2025;27507,32;27,51;26,22;26,48;26,85;26,45;26,03;27,31;25,7;27;239,36;276,04;274,78;3215,69;9554,51;9774,73;3416,97;277,29;72,96;28,04;27,73;26,95;27,16;27,35;28,2;27,52
;;ec64c9c0797d;;;13;25.03.2025;Dienstag;März;2025;2086,23;2,09;26,31;26,43;26,54;26,26;26,13;25,75;25,66;26,87;27,49;272,45;277,84;274,93;275,85;276,43;224,47;27,99;27,68;27,33;26,98;26,88;27,78;27,21;28,33;26,64
;;ec64c9c0797d;;;13;24.03.2025;Montag;März;2025;2089,68;2,09;27,21;27,81;27,32;27,09;26,43;27,92;25,83;39,65;145,05;372,63;196,33;27,53;105,72;277,18;276,65;238,66;27,55;27,53;27,48;27,24;27,73;27,81;28,25;27,08
;;ec64c9c0797d;;;12;23.03.2025;Sonntag;März;2025;666,59;0,67;28,3;27,67;27,9;27,9;27,86;27,5;27,95;27,89;27,83;27,94;28,45;28,45;28,59;28,66;27,51;26,65;28,15;27,6;27,89;26,83;27,18;27,19;27,09;27,61
;;ec64c9c0797d;;;12;22.03.2025;Samstag;März;2025;2178,46;2,18;27,87;27,68;26,85;27,68;156,33;395,01;342,87;143,78;326,49;308,8;28,5;28,1;28;28,8;28,7;29,3;28,2;27,5;28,7;27,4;27,8;27,7;28,1;28,3
;;ec64c9c0797d;;;12;21.03.2025;Freitag;März;2025;665,08;0,67;26,54;26,7;26,93;26,47;26,28;25,82;25,55;25,34;26,11;41,04;26,5;26,5;27,11;27,41;27,77;28,36;29,43;28,88;26,06;27,84;28,59;28,05;27,83;27,97
;;ec64c9c0797d;;;12;20.03.2025;Donnerstag;März;2025;44749,31;44,75;26,36;26,42;26,36;26,15;26,08;26,68;6368,67;5950,1;5049,69;724,22;462,39;6014,77;5301,49;4766,52;6035,2;3693,09;29,5;28,64;27,69;27,45;27,95;27,98;28,42;27,49
;;ec64c9c0797d;;;12;19.03.2025;Mittwoch;März;2025;655,55;0,66;25,99;26,05;26,07;26,03;25,69;26,78;25,3;27,34;27,32;27,05;26,89;28,05;26,58;27,13;27,47;28,75;26,82;25,95;36,76;26,41;27,54;27,35;27,92;28,31
;;ec64c9c0797d;;;12;18.03.2025;Dienstag;März;2025;729,68;0,73;25,91;25,97;25,87;25,81;26,52;26,78;25,06;115,14;27,34;26,71;27,1;26,71;26,61;27,55;28,03;28,84;25,63;26,53;27,14;27,56;27,26;27,77;26,01;25,83
;;ec64c9c0797d;;;12;17.03.2025;Montag;März;2025;644,88;0,65;26,76;27,85;27,97;28,06;27,05;25,8;25,59;24,8;25,79;26,4;27,06;27,64;27,01;26,72;27,93;28,73;25,88;25,57;25,74;26,73;27,91;28,13;27,67;26,09
;;ec64c9c0797d;;;11;16.03.2025;Sonntag;März;2025;652,89;0,65;27,7;27,99;28,06;27,54;27,09;27;26,48;26,47;27,16;27,91;27,41;26,4;26,35;27,29;28,24;28,56;28,17;27,47;26,68;26,65;26,68;26,51;26,64;26,44
;;ec64c9c0797d;;;11;15.03.2025;Samstag;März;2025;644,45;0,64;26,62;26,83;26,7;26,89;27,01;26,6;26,5;25,9;26,1;26,5;26,2;26,4;26,5;26,6;27,3;28,3;27,7;26,9;26,9;27;26,9;26,7;27,2;28,2
;;ec64c9c0797d;;;11;14.03.2025;Freitag;März;2025;641,79;0,64;25,83;25,93;25,74;26,39;27,17;26,69;25,12;26,98;27,56;26,5;26,74;26,64;26,24;26,07;26,48;28,04;27,79;27,21;27,33;27,17;27,46;27,89;26,39;26,43
;;ec64c9c0797d;;;11;13.03.2025;Donnerstag;März;2025;630,98;0,63;27,91;26,97;25,6;25,8;25,46;26,2;25,84;26,08;25,67;25,88;25,95;26,35;26,27;25,88;27,77;25,98;26,49;25,66;25,71;26,1;26,38;26,42;27,01;27,6
;;ec64c9c0797d;;;11;12.03.2025;Mittwoch;März;2025;21540,47;21,54;26,12;26,37;26,4;26,39;26,31;25,42;25,44;69,39;47,22;25,76;26,07;291,6;5985,53;4506,93;5214,26;4977,48;27,32;26,3;25,98;26,09;26,78;26,74;27,48;27,09
;;ec64c9c0797d;;;11;11.03.2025;Dienstag;März;2025;1627,39;1,63;26,4;26,22;26,28;25,82;25,45;26,61;25,63;132,55;140,49;140,6;141,31;154,98;141,5;141,55;153,02;80,05;27,55;28,19;27,79;26,48;27,15;27,73;27,56;26,48
;;ec64c9c0797d;;;11;10.03.2025;Montag;März;2025;649,73;0,65;27,58;27,53;27,76;26,96;26,53;25,98;25,3;26,34;27,04;24,15;27,45;27,08;27,89;26,88;27,16;28,56;27,95;27,04;26,26;26,31;26,78;27,5;28,31;27,21
;;ec64c9c0797d;;;10;09.03.2025;Sonntag;März;2025;652,58;0,65;28;27,42;27,54;27,24;26,48;26,62;26,43;26,42;26,79;27,68;27,77;27,11;27,17;28,18;28,93;28,11;26,98;26,64;26,48;26,71;26,55;27,01;26,85;27,47
;;ec64c9c0797d;;;10;08.03.2025;Samstag;März;2025;654,77;0,66;27,56;26,99;27,38;27,56;27,44;27,08;26,46;25,9;26,4;26,6;27,2;26,8;27;27,6;28;28,8;28,8;27,8;26,9;26,7;27,2;27,2;27,7;27,7
;;ec64c9c0797d;;;10;07.03.2025;Freitag;März;2025;33493,56;33,49;26,01;26,44;26,11;26,1;26,11;286,19;5007,2;8109,05;4737,12;7588,15;3266,68;2192,01;1743,96;156,21;27,46;27,17;27,32;27,9;27,7;27,5;28,31;28,31;27,25;27,3
;;ec64c9c0797d;;;10;06.03.2025;Donnerstag;März;2025;2113,9;2,11;26,23;26,35;25,17;25,58;26,02;25,42;25,12;354,41;387,78;340,34;141,31;141,09;141,67;142,82;40,42;27,52;27,63;27,1;26,57;26,27;26,96;27,32;28,18;26,62
;;ec64c9c0797d;;;10;05.03.2025;Mittwoch;März;2025;2449,47;2,45;27,48;26,83;25,51;26,15;25,95;25,34;25,27;26,01;55,32;277,22;273,69;273,75;273,89;272,94;273,06;274,27;80,71;25,82;25,34;25,62;26,55;27,24;27,95;27,56
;;ec64c9c0797d;;;10;04.03.2025;Dienstag;März;2025;9353,93;9,35;27,06;25,95;25,69;25,4;26,48;25,99;24,94;3668,76;2827,87;389,92;390,78;391,44;364,53;274,79;274,44;275,31;125,67;26,07;27,47;26,79;25,91;26,96;27,72;27,99
